214.00,158.00,60.00,1.1,1.16,0.25,-0.08,0.00,0.00,0.00,0.00,0.00,0.00,0.00,0.00,0.00,0.00,0.00,0.00,0.00,0.00,0.00,0.00,0.00,0.00,0.00
0.03,1.72,0.21,1.47,-0.16,1.45,0.34,1.18,-0.24,1.17,0.09,1.20,0.01,1.24,0.07,0.93,0.09,0.92,0.14,0.46,-0.11,0.49,0.14,-0.03,-0.16,-0.02
0.03,1.72,0.21,1.47,-0.16,1.45,0.33,1.18,-0.24,1.18,0.07,1.21,0.01,1.24,0.07,0.93,0.09,0.92,0.13,0.45,-0.11,0.47,0.14,-0.03,-0.16,-0.02
0.03,1.72,0.21,1.47,-0.16,1.45,0.32,1.18,-0.24,1.18,0.07,1.21,0.01,1.24,0.07,0.93,0.09,0.92,0.13,0.45,-0.11,0.47,0.14,-0.03,-0.15,-0.02
0.03,1.72,0.21,1.47,-0.16,1.45,0.32,1.19,-0.24,1.18,0.07,1.21,0.01,1.24,0.07,0.93,0.09,0.92,0.13,0.45,-0.11,0.47,0.14,-0.03,-0.14,-0.01
0.03,1.72,0.21,1.47,-0.16,1.45,0.31,1.19,-0.24,1.18,0.07,1.21,0.01,1.24,0.07,0.93,0.09,0.92,0.13,0.45,-0.11,0.47,0.14,-0.03,-0.15,-0.01
0.03,1.72,0.21,1.47,-0.16,1.45,0.31,1.19,-0.24,1.18,0.07,1.21,0.01,1.24,0.07,0.93,0.09,0.92,0.13,0.45,-0.11,0.47,0.14,-0.03,-0.15,-0.01
0.03,1.72,0.21,1.47,-0.16,1.45,0.31,1.19,-0.24,1.18,0.07,1.21,0.01,1.24,0.07,0.93,0.09,0.92,0.13,0.45,-0.11,0.47,0.14,-0.02,-0.15,-0.01
0.03,1.72,0.21,1.47,-0.16,1.45,0.31,1.19,-0.24,1.18,0.07,1.21,0.01,1.24,0.07,0.93,0.09,0.92,0.13,0.45,-0.11,0.47,0.14,-0.01,-0.15,-0.01
0.04,1.72,0.21,1.47,-0.16,1.45,0.31,1.19,-0.23,1.20,0.07,1.21,0.01,1.24,0.07,0.93,0.09,0.92,0.13,0.46,-0.11,0.47,0.14,-0.01,-0.15,-0.01
0.04,1.72,0.21,1.47,-0.16,1.45,0.31,1.19,-0.23,1.20,0.07,1.21,0.01,1.24,0.07,0.93,0.09,0.92,0.13,0.46,-0.11,0.47,0.14,-0.01,-0.15,-0.01
0.04,1.71,0.21,1.47,-0.16,1.45,0.31,1.19,-0.23,1.20,0.07,1.21,0.01,1.24,0.07,0.93,0.09,0.92,0.13,0.46,-0.11,0.47,0.14,-0.01,-0.15,-0.01
0.04,1.71,0.21,1.47,-0.15,1.45,0.31,1.19,-0.23,1.20,0.07,1.21,0.00,1.25,0.07,0.93,0.09,0.92,0.13,0.46,-0.12,0.47,0.14,-0.01,-0.15,-0.01
0.04,1.71,0.21,1.47,-0.15,1.45,0.31,1.19,-0.23,1.20,0.07,1.21,0.00,1.25,0.07,0.93,0.09,0.92,0.13,0.46,-0.12,0.47,0.13,-0.01,-0.15,-0.01
0.04,1.71,0.21,1.47,-0.15,1.45,0.31,1.19,-0.22,1.20,0.07,1.21,0.00,1.25,0.07,0.93,-0.09,0.92,0.11,0.46,-0.12,0.48,0.13,-0.01,-0.15,-0.01
0.02,1.70,0.20,1.47,-0.18,1.45,0.31,1.19,-0.22,1.20,0.07,1.21,-0.02,1.29,0.07,0.93,-0.12,0.92,0.11,0.47,-0.13,0.48,0.13,-0.02,-0.15,-0.01
0.02,1.70,0.20,1.47,-0.18,1.45,0.30,1.19,-0.22,1.18,0.07,1.21,-0.02,1.31,0.05,0.93,-0.14,0.92,0.11,0.47,-0.14,0.49,0.13,-0.02,-0.24,0.04
0.01,1.70,0.17,1.46,-0.17,1.47,0.29,1.19,-0.20,1.18,0.07,1.21,-0.02,1.31,0.05,0.92,-0.15,0.92,0.11,0.47,-0.14,0.49,0.13,-0.02,-0.28,0.06
0.00,1.71,0.17,1.46,-0.20,1.46,0.29,1.23,-0.17,1.20,0.08,1.25,-0.01,1.35,0.05,0.92,-0.15,0.92,0.11,0.47,-0.16,0.50,0.13,-0.02,-0.29,0.04
-0.01,1.71,0.17,1.46,-0.20,1.46,0.28,1.26,-0.16,1.21,0.10,1.29,-0.01,1.35,0.05,0.92,-0.17,0.92,0.11,0.47,-0.16,0.51,0.13,-0.02,-0.29,0.03
-0.01,1.71,0.17,1.46,-0.20,1.46,0.27,1.28,-0.15,1.21,0.12,1.35,0.00,1.38,0.03,0.92,-0.18,0.93,0.11,0.47,-0.16,0.51,0.13,-0.02,-0.29,0.03
-0.01,1.71,0.15,1.46,-0.20,1.46,0.27,1.29,-0.13,1.27,0.12,1.40,0.01,1.42,0.02,0.92,-0.18,0.93,0.11,0.47,-0.16,0.51,0.13,-0.02,-0.29,0.03
-0.01,1.71,0.13,1.46,-0.22,1.45,0.27,1.29,-0.11,1.32,0.13,1.43,0.02,1.47,0.02,0.92,-0.18,0.93,0.11,0.47,-0.16,0.51,0.13,-0.02,-0.29,0.03
-0.01,1.71,0.13,1.46,-0.22,1.44,0.27,1.32,-0.10,1.32,0.14,1.49,0.06,1.55,0.01,0.92,-0.18,0.93,0.09,0.47,-0.19,0.50,0.13,-0.02,-0.30,0.03
-0.02,1.71,0.13,1.46,-0.22,1.45,0.29,1.36,-0.10,1.32,0.14,1.53,0.08,1.59,0.00,0.92,-0.18,0.93,0.09,0.47,-0.19,0.50,0.13,-0.02,-0.31,0.02
-0.03,1.70,0.11,1.46,-0.22,1.47,0.29,1.36,-0.08,1.35,0.14,1.59,0.12,1.63,0.00,0.92,-0.18,0.93,0.09,0.47,-0.20,0.49,0.13,-0.02,-0.31,0.02
-0.04,1.70,0.11,1.46,-0.23,1.47,0.29,1.36,-0.07,1.38,0.13,1.63,0.12,1.66,-0.01,0.92,-0.20,0.93,0.08,0.47,-0.21,0.49,0.13,-0.02,-0.32,0.02
-0.04,1.70,0.11,1.46,-0.23,1.48,0.29,1.38,-0.03,1.42,0.13,1.66,0.12,1.66,-0.02,0.92,-0.20,0.93,0.07,0.47,-0.24,0.49,0.13,-0.02,-0.32,0.01
-0.05,1.70,0.11,1.46,-0.24,1.48,0.28,1.41,-0.01,1.45,0.13,1.67,0.12,1.71,-0.02,0.92,-0.20,0.93,0.07,0.47,-0.25,0.49,0.13,-0.02,-0.32,0.01
-0.05,1.70,0.11,1.46,-0.24,1.48,0.28,1.44,0.01,1.47,0.12,1.68,0.11,1.72,-0.03,0.91,-0.22,0.93,0.07,0.47,-0.26,0.49,0.13,-0.02,-0.32,0.01
-0.05,1.70,0.09,1.47,-0.25,1.48,0.28,1.48,0.01,1.47,0.11,1.72,0.10,1.73,-0.03,0.91,-0.22,0.93,0.06,0.46,-0.26,0.49,0.13,-0.02,-0.32,0.01
-0.05,1.70,0.08,1.47,-0.25,1.48,0.28,1.49,0.01,1.47,0.11,1.72,0.10,1.75,-0.05,0.91,-0.23,0.93,0.05,0.46,-0.26,0.49,0.13,-0.02,-0.32,0.01
-0.05,1.70,0.07,1.47,-0.25,1.48,0.29,1.51,0.01,1.50,0.10,1.74,0.09,1.77,-0.06,0.91,-0.23,0.93,0.05,0.46,-0.26,0.49,0.13,-0.02,-0.29,-0.02
-0.05,1.70,0.06,1.47,-0.27,1.48,0.29,1.55,0.01,1.50,0.10,1.76,0.08,1.79,-0.06,0.91,-0.24,0.93,0.05,0.46,-0.26,0.49,0.13,-0.02,-0.29,-0.02
-0.06,1.70,0.05,1.47,-0.27,1.48,0.28,1.56,0.01,1.50,0.10,1.76,0.07,1.81,-0.07,0.91,-0.26,0.94,0.05,0.46,-0.26,0.49,0.13,-0.02,-0.29,-0.02
-0.07,1.69,0.05,1.47,-0.27,1.48,0.27,1.58,0.01,1.50,0.09,1.79,0.06,1.82,-0.08,0.91,-0.26,0.94,0.05,0.46,-0.29,0.47,0.13,-0.02,-0.29,-0.02
-0.08,1.69,0.05,1.47,-0.27,1.48,0.27,1.58,-0.01,1.52,0.07,1.82,0.06,1.82,-0.11,0.92,-0.27,0.94,0.05,0.46,-0.31,0.46,0.13,-0.02,-0.29,-0.02
-0.09,1.69,0.04,1.47,-0.27,1.48,0.26,1.60,-0.03,1.54,0.07,1.83,0.05,1.83,-0.11,0.92,-0.27,0.94,0.05,0.46,-0.31,0.46,0.12,-0.02,-0.29,-0.02
-0.09,1.69,0.04,1.47,-0.28,1.48,0.25,1.63,-0.05,1.55,0.07,1.84,0.04,1.85,-0.11,0.92,-0.27,0.94,0.04,0.46,-0.31,0.46,0.12,-0.01,-0.29,-0.02
-0.09,1.69,0.04,1.47,-0.28,1.48,0.25,1.65,-0.06,1.58,0.07,1.85,0.03,1.86,-0.11,0.92,-0.27,0.94,0.04,0.46,-0.31,0.46,0.06,-0.01,-0.29,-0.02
-0.09,1.69,0.04,1.47,-0.28,1.48,0.24,1.67,-0.06,1.60,0.06,1.88,0.02,1.87,-0.11,0.92,-0.27,0.94,0.04,0.47,-0.31,0.46,0.04,-0.01,-0.29,-0.02
-0.09,1.69,0.01,1.48,-0.28,1.48,0.24,1.67,-0.07,1.61,0.04,1.92,0.02,1.88,-0.12,0.92,-0.27,0.94,0.03,0.48,-0.31,0.46,0.01,-0.01,-0.29,-0.02
-0.09,1.69,0.01,1.48,-0.28,1.49,0.23,1.70,-0.08,1.64,0.03,1.92,0.02,1.88,-0.12,0.92,-0.28,0.94,0.03,0.48,-0.31,0.46,0.00,-0.01,-0.29,-0.02
-0.09,1.69,0.01,1.48,-0.28,1.49,0.22,1.70,-0.10,1.68,0.01,1.93,0.00,1.90,-0.12,0.92,-0.28,0.94,0.03,0.48,-0.31,0.46,-0.01,-0.01,-0.29,-0.02
-0.09,1.69,0.01,1.48,-0.28,1.49,0.22,1.70,-0.12,1.70,-0.02,1.93,-0.03,1.90,-0.12,0.92,-0.28,0.94,0.03,0.48,-0.31,0.46,-0.01,-0.01,-0.29,-0.02
-0.09,1.70,0.01,1.48,-0.28,1.49,0.22,1.70,-0.14,1.71,-0.06,1.93,-0.06,1.91,-0.12,0.92,-0.28,0.90,0.03,0.48,-0.31,0.46,-0.01,-0.01,-0.29,-0.02
-0.08,1.71,0.01,1.48,-0.28,1.49,0.21,1.70,-0.15,1.72,-0.07,1.93,-0.08,1.92,-0.12,0.92,-0.28,0.90,0.03,0.48,-0.31,0.46,-0.01,-0.01,-0.29,-0.02
-0.08,1.71,0.01,1.48,-0.28,1.49,0.21,1.70,-0.16,1.73,-0.07,1.93,-0.09,1.92,-0.12,0.92,-0.28,0.90,0.01,0.49,-0.31,0.46,-0.01,-0.01,-0.29,-0.02
-0.08,1.71,0.01,1.48,-0.28,1.49,0.20,1.70,-0.17,1.74,-0.08,1.92,-0.11,1.92,-0.12,0.92,-0.28,0.90,0.01,0.49,-0.31,0.46,-0.01,-0.01,-0.29,-0.02
-0.07,1.71,0.01,1.48,-0.28,1.49,0.17,1.70,-0.19,1.76,-0.11,1.89,-0.12,1.92,-0.13,0.92,-0.28,0.90,0.01,0.49,-0.31,0.46,-0.01,-0.01,-0.29,-0.02
-0.07,1.71,0.00,1.48,-0.28,1.49,0.17,1.70,-0.19,1.76,-0.16,1.84,-0.12,1.92,-0.13,0.92,-0.28,0.90,0.01,0.49,-0.31,0.46,0.01,0.00,-0.29,-0.02
-0.06,1.72,0.00,1.48,-0.27,1.49,0.18,1.71,-0.19,1.76,-0.18,1.83,-0.13,1.84,-0.13,0.92,-0.28,0.90,0.01,0.49,-0.31,0.46,0.02,0.01,-0.29,-0.02
-0.06,1.72,0.00,1.48,-0.26,1.49,0.18,1.71,-0.18,1.75,-0.19,1.80,-0.18,1.76,-0.13,0.92,-0.28,0.90,0.01,0.49,-0.30,0.46,0.03,0.01,-0.29,-0.02
-0.05,1.72,0.00,1.48,-0.25,1.49,0.18,1.71,-0.18,1.75,-0.18,1.76,-0.19,1.75,-0.13,0.92,-0.28,0.90,0.01,0.49,-0.30,0.46,0.04,0.02,-0.29,-0.02
-0.05,1.72,0.00,1.48,-0.25,1.49,0.18,1.71,-0.16,1.74,-0.17,1.75,-0.20,1.74,-0.13,0.92,-0.24,0.91,0.01,0.49,-0.29,0.46,0.04,0.02,-0.29,-0.02
-0.05,1.72,0.00,1.48,-0.24,1.49,0.18,1.71,-0.15,1.74,-0.17,1.73,-0.20,1.74,-0.13,0.92,-0.24,0.91,0.01,0.49,-0.29,0.46,0.04,0.02,-0.29,-0.02
-0.05,1.72,0.00,1.48,-0.24,1.49,0.18,1.71,-0.15,1.74,-0.19,1.70,-0.20,1.68,-0.13,0.92,-0.24,0.91,0.02,0.48,-0.29,0.46,0.03,0.01,-0.29,-0.02
-0.05,1.72,0.00,1.48,-0.23,1.49,0.18,1.71,-0.15,1.75,-0.18,1.67,-0.20,1.63,-0.13,0.92,-0.24,0.91,0.02,0.48,-0.29,0.46,0.01,-0.01,-0.29,-0.02
-0.03,1.72,0.00,1.48,-0.23,1.49,0.18,1.71,-0.14,1.75,-0.17,1.65,-0.20,1.62,-0.13,0.92,-0.24,0.92,0.02,0.48,-0.27,0.46,0.01,-0.01,-0.29,-0.02
-0.03,1.72,0.00,1.48,-0.23,1.49,0.18,1.70,-0.13,1.75,-0.16,1.62,-0.20,1.62,-0.13,0.92,-0.24,0.92,0.02,0.48,-0.27,0.46,0.01,-0.01,-0.29,-0.02
-0.02,1.72,-0.02,1.47,-0.22,1.49,0.16,1.69,-0.13,1.74,-0.16,1.59,-0.20,1.62,-0.08,0.92,-0.24,0.92,0.02,0.48,-0.27,0.46,-0.01,-0.01,-0.29,-0.02
-0.02,1.72,-0.02,1.47,-0.22,1.49,0.15,1.68,-0.13,1.74,-0.15,1.59,-0.20,1.63,-0.12,0.92,-0.24,0.92,0.02,0.48,-0.25,0.47,-0.01,-0.01,-0.29,-0.02
-0.02,1.72,-0.02,1.47,-0.22,1.49,0.14,1.67,-0.13,1.74,-0.14,1.64,-0.18,1.67,-0.12,0.92,-0.22,0.92,0.02,0.48,-0.22,0.48,-0.01,-0.01,-0.29,-0.02
-0.02,1.72,-0.02,1.47,-0.22,1.49,0.14,1.67,-0.13,1.74,-0.12,1.72,-0.18,1.69,-0.12,0.92,-0.22,0.92,0.02,0.48,-0.21,0.47,-0.01,-0.01,-0.29,-0.02
-0.02,1.72,-0.02,1.47,-0.22,1.49,0.14,1.67,-0.13,1.74,-0.12,1.74,-0.16,1.76,-0.11,0.92,-0.22,0.92,0.02,0.48,-0.20,0.46,-0.01,-0.01,-0.29,-0.02
-0.02,1.72,-0.02,1.47,-0.22,1.49,0.15,1.64,-0.13,1.74,-0.11,1.76,-0.14,1.78,-0.10,0.91,-0.21,0.92,0.02,0.48,-0.19,0.46,-0.01,-0.01,-0.29,-0.02
-0.02,1.72,-0.02,1.47,-0.22,1.49,0.16,1.63,-0.13,1.74,-0.09,1.81,-0.11,1.79,-0.08,0.91,-0.21,0.92,0.02,0.48,-0.18,0.45,-0.01,-0.01,-0.29,-0.02
-0.02,1.72,-0.01,1.47,-0.22,1.49,0.19,1.63,-0.13,1.74,-0.07,1.84,-0.08,1.82,-0.08,0.91,-0.20,0.92,0.02,0.48,-0.16,0.45,-0.01,-0.01,-0.26,0.04
-0.02,1.72,-0.01,1.47,-0.21,1.49,0.20,1.63,-0.13,1.74,-0.06,1.86,-0.03,1.87,-0.08,0.91,-0.18,0.92,0.02,0.48,-0.15,0.45,-0.01,-0.01,-0.26,0.04
-0.02,1.72,-0.01,1.47,-0.19,1.49,0.20,1.63,-0.11,1.74,-0.03,1.90,-0.02,1.88,-0.08,0.91,-0.18,0.92,0.02,0.48,-0.15,0.45,-0.02,-0.01,-0.26,0.04
-0.02,1.72,-0.01,1.47,-0.16,1.49,0.20,1.63,-0.09,1.73,-0.02,1.90,-0.02,1.90,-0.08,0.91,-0.18,0.92,0.02,0.48,-0.11,0.44,-0.02,-0.01,-0.25,0.08
-0.02,1.72,-0.01,1.47,-0.15,1.49,0.20,1.63,-0.06,1.72,-0.02,1.90,-0.01,1.91,-0.08,0.91,-0.18,0.92,0.02,0.48,-0.06,0.45,-0.02,-0.01,-0.24,0.11
-0.02,1.72,-0.01,1.47,-0.15,1.49,0.20,1.62,-0.05,1.72,0.00,1.89,0.00,1.92,-0.08,0.91,-0.16,0.92,0.02,0.48,-0.04,0.48,-0.02,-0.01,-0.24,0.12
-0.02,1.72,-0.01,1.47,-0.15,1.49,0.21,1.62,-0.04,1.72,0.03,1.88,0.03,1.93,-0.08,0.91,-0.16,0.92,0.02,0.48,0.01,0.51,-0.02,-0.01,-0.23,0.12
-0.02,1.72,-0.01,1.47,-0.15,1.49,0.22,1.60,-0.02,1.72,0.03,1.88,0.12,1.91,-0.08,0.91,-0.10,0.90,0.02,0.48,0.04,0.52,-0.02,-0.01,-0.22,0.13
-0.02,1.72,-0.01,1.47,-0.14,1.48,0.21,1.57,-0.01,1.71,0.07,1.88,0.14,1.90,-0.08,0.91,-0.09,0.90,0.02,0.48,0.08,0.54,-0.02,-0.01,-0.19,0.17
-0.02,1.72,-0.02,1.47,-0.14,1.48,0.21,1.56,0.05,1.67,0.12,1.86,0.14,1.86,-0.08,0.91,-0.09,0.90,0.01,0.48,0.15,0.58,-0.02,-0.01,-0.14,0.20
-0.02,1.72,-0.05,1.47,-0.14,1.48,0.21,1.55,0.11,1.62,0.15,1.85,0.14,1.79,-0.08,0.91,-0.08,0.90,0.01,0.47,0.18,0.60,-0.02,-0.01,-0.10,0.22
-0.02,1.71,-0.05,1.47,-0.14,1.48,0.19,1.52,0.14,1.59,0.18,1.81,0.14,1.79,-0.08,0.91,-0.07,0.90,0.01,0.47,0.25,0.64,-0.03,-0.01,-0.07,0.23
-0.02,1.71,-0.06,1.47,-0.14,1.48,0.18,1.48,0.15,1.56,0.19,1.80,0.18,1.78,-0.08,0.91,-0.05,0.91,0.01,0.47,0.26,0.65,-0.03,-0.01,-0.02,0.24
-0.04,1.70,-0.07,1.47,-0.13,1.48,0.19,1.44,0.16,1.52,0.23,1.76,0.22,1.75,-0.08,0.91,-0.05,0.91,0.01,0.47,0.27,0.68,-0.03,-0.01,0.04,0.26
-0.04,1.70,-0.08,1.46,-0.10,1.47,0.20,1.42,0.15,1.47,0.23,1.74,0.22,1.71,-0.08,0.91,-0.04,0.91,0.01,0.47,0.28,0.70,-0.03,-0.01,0.10,0.28
-0.04,1.70,-0.08,1.46,-0.08,1.47,0.21,1.40,0.15,1.46,0.23,1.71,0.21,1.69,-0.08,0.91,-0.03,0.93,0.01,0.47,0.30,0.73,-0.03,-0.01,0.15,0.28
-0.04,1.70,-0.08,1.46,-0.07,1.47,0.21,1.37,0.15,1.40,0.21,1.68,0.21,1.66,-0.08,0.91,-0.03,0.93,0.01,0.47,0.32,0.75,-0.03,-0.01,0.19,0.28
-0.04,1.70,-0.08,1.46,-0.07,1.47,0.20,1.33,0.16,1.36,0.21,1.65,0.20,1.61,-0.08,0.91,-0.02,0.93,0.01,0.47,0.37,0.78,-0.03,-0.01,0.22,0.28
-0.04,1.70,-0.08,1.46,-0.06,1.47,0.16,1.31,0.16,1.34,0.20,1.62,0.19,1.56,-0.08,0.91,0.01,0.94,0.01,0.47,0.39,0.80,-0.03,-0.01,0.23,0.28
-0.04,1.70,-0.08,1.46,-0.06,1.47,0.14,1.29,0.14,1.30,0.20,1.59,0.18,1.53,-0.07,0.91,0.02,0.95,0.01,0.47,0.39,0.81,-0.03,-0.01,0.26,0.30
-0.04,1.70,-0.08,1.46,-0.06,1.47,0.12,1.27,0.14,1.29,0.20,1.52,0.20,1.49,-0.07,0.91,0.02,0.95,0.01,0.47,0.39,0.83,-0.03,-0.01,0.29,0.32
-0.04,1.70,-0.08,1.46,-0.06,1.47,0.10,1.25,0.13,1.27,0.20,1.49,0.20,1.48,-0.07,0.91,0.03,0.96,0.01,0.47,0.40,0.86,-0.03,-0.01,0.33,0.36
-0.04,1.70,-0.08,1.46,-0.06,1.47,0.09,1.24,0.12,1.25,0.19,1.47,0.19,1.46,-0.07,0.91,0.04,0.97,0.01,0.47,0.40,0.86,-0.03,-0.01,0.35,0.38
-0.04,1.70,-0.10,1.42,-0.06,1.47,0.06,1.21,0.09,1.22,0.18,1.46,0.17,1.43,-0.06,0.91,0.04,0.97,0.01,0.47,0.40,0.88,-0.03,-0.01,0.36,0.40
-0.04,1.70,-0.10,1.41,-0.06,1.47,0.03,1.20,0.07,1.20,0.16,1.45,0.16,1.41,-0.06,0.92,0.04,0.97,0.01,0.47,0.41,0.89,-0.03,-0.01,0.39,0.42
-0.04,1.70,-0.14,1.37,-0.06,1.47,0.01,1.18,0.07,1.20,0.16,1.43,0.16,1.41,-0.05,0.92,0.04,0.97,0.01,0.47,0.46,0.98,-0.03,-0.01,0.45,0.48
-0.04,1.70,-0.15,1.37,-0.06,1.47,-0.01,1.16,0.07,1.20,0.15,1.42,0.16,1.41,-0.05,0.92,0.04,0.97,0.01,0.47,0.46,0.99,-0.03,-0.01,0.46,0.50
-0.04,1.70,-0.15,1.37,-0.06,1.47,-0.04,1.14,0.07,1.20,0.15,1.41,0.15,1.39,-0.05,0.92,0.06,0.99,0.01,0.47,0.46,0.99,-0.03,-0.01,0.46,0.52
-0.04,1.70,-0.15,1.37,-0.04,1.45,-0.05,1.13,0.05,1.18,0.15,1.41,0.14,1.37,-0.05,0.92,0.06,0.99,0.01,0.47,0.44,1.03,-0.03,-0.01,0.46,0.54
-0.04,1.70,-0.15,1.37,-0.02,1.45,-0.06,1.13,0.05,1.18,0.14,1.38,0.13,1.35,-0.04,0.92,0.06,0.99,0.01,0.47,0.41,1.03,-0.03,-0.01,0.46,0.55
-0.04,1.70,-0.15,1.37,-0.02,1.45,-0.08,1.13,0.06,1.18,0.13,1.36,0.12,1.33,-0.03,0.92,0.07,0.99,0.02,0.48,0.42,1.07,-0.03,-0.01,0.45,0.62
-0.04,1.70,-0.15,1.37,-0.02,1.45,-0.09,1.13,0.11,1.23,0.13,1.36,0.12,1.33,-0.03,0.92,0.07,1.00,0.02,0.48,0.41,1.11,-0.03,-0.01,0.41,0.61
-0.02,1.68,-0.15,1.37,-0.01,1.45,-0.11,1.13,0.11,1.23,0.12,1.35,0.12,1.33,-0.02,0.93,0.08,1.01,0.05,0.50,0.40,1.14,-0.02,0.00,0.41,0.61
-0.02,1.68,-0.15,1.37,0.00,1.44,-0.12,1.13,0.11,1.23,0.12,1.35,0.12,1.33,-0.02,0.93,0.08,1.01,0.05,0.51,0.40,1.16,-0.02,0.00,0.39,0.65
0.00,1.66,-0.15,1.37,0.00,1.44,-0.13,1.13,0.11,1.23,0.12,1.35,0.12,1.33,-0.02,0.93,0.08,1.01,0.05,0.51,0.40,1.16,-0.02,0.00,0.39,0.65
0.00,1.66,-0.15,1.37,0.00,1.44,-0.14,1.13,0.11,1.23,0.12,1.35,0.12,1.33,-0.02,0.93,0.08,1.01,0.06,0.52,0.40,1.16,-0.02,0.00,0.39,0.69
0.00,1.63,-0.15,1.37,0.00,1.44,-0.15,1.11,0.11,1.23,0.12,1.35,0.12,1.33,-0.01,0.93,0.08,1.01,0.06,0.52,0.37,1.22,-0.02,0.00,0.38,0.71
0.00,1.63,-0.13,1.34,0.01,1.44,-0.15,1.11,0.11,1.23,0.12,1.35,0.14,1.32,-0.01,0.93,0.08,1.01,0.06,0.52,0.37,1.22,-0.02,0.00,0.37,0.72
0.00,1.63,-0.13,1.34,0.03,1.43,-0.13,1.09,0.11,1.23,0.12,1.33,0.14,1.32,-0.01,0.93,0.08,1.01,0.06,0.52,0.37,1.22,-0.02,0.00,0.37,0.72
0.00,1.63,-0.13,1.34,0.04,1.43,-0.13,1.09,0.11,1.23,0.13,1.31,0.14,1.32,-0.01,0.93,0.08,1.01,0.06,0.52,0.37,1.22,-0.02,0.00,0.35,0.73
0.01,1.63,-0.13,1.34,0.04,1.43,-0.11,1.09,0.14,1.24,0.14,1.31,0.16,1.30,-0.01,0.93,0.08,1.01,0.06,0.52,0.32,1.23,-0.02,0.00,0.31,0.74
0.01,1.62,-0.13,1.34,0.07,1.42,-0.10,1.09,0.14,1.24,0.14,1.29,0.16,1.30,-0.01,0.93,0.08,1.01,0.06,0.52,0.32,1.23,-0.02,0.00,0.30,0.74
0.02,1.60,-0.13,1.34,0.07,1.42,-0.10,1.09,0.14,1.24,0.14,1.29,0.16,1.30,-0.01,0.93,0.08,1.00,0.06,0.52,0.32,1.23,-0.02,0.00,0.29,0.74
0.02,1.60,-0.13,1.34,0.07,1.42,-0.10,1.09,0.15,1.24,0.14,1.29,0.16,1.30,0.00,0.93,0.08,0.99,0.06,0.51,0.30,1.18,-0.02,0.00,0.29,0.73
0.02,1.60,-0.13,1.34,0.08,1.42,-0.11,1.09,0.17,1.24,0.14,1.27,0.16,1.30,0.00,0.92,0.08,0.99,0.06,0.51,0.30,1.16,-0.02,0.00,0.23,0.68
0.02,1.60,-0.13,1.34,0.09,1.41,-0.11,1.08,0.18,1.24,0.14,1.27,0.16,1.30,0.00,0.92,0.09,0.97,0.07,0.50,0.32,1.14,-0.01,0.00,0.29,0.66
0.02,1.60,-0.13,1.34,0.09,1.40,-0.11,1.08,0.19,1.24,0.15,1.27,0.15,1.29,0.00,0.92,0.09,0.96,0.07,0.50,0.33,1.12,-0.01,0.00,0.28,0.64
0.02,1.59,-0.13,1.34,0.09,1.40,-0.11,1.08,0.20,1.24,0.15,1.27,0.17,1.27,0.00,0.92,0.10,0.94,0.07,0.50,0.37,1.06,-0.01,0.00,0.28,0.64
0.03,1.58,-0.13,1.32,0.09,1.40,-0.11,1.04,0.20,1.24,0.15,1.24,0.18,1.25,0.00,0.92,0.10,0.93,0.07,0.50,0.37,1.05,-0.01,0.00,0.28,0.64
0.03,1.57,-0.13,1.29,0.09,1.40,-0.11,1.04,0.20,1.24,0.16,1.22,0.17,1.22,0.00,0.92,0.10,0.93,0.07,0.50,0.37,1.04,-0.01,0.00,0.29,0.62
0.05,1.56,-0.12,1.29,0.14,1.34,-0.11,1.04,0.20,1.23,0.16,1.22,0.17,1.21,0.00,0.91,0.09,0.91,0.07,0.50,0.37,1.02,-0.01,0.00,0.31,0.58
0.05,1.55,-0.12,1.28,0.15,1.34,-0.11,1.03,0.18,1.18,0.16,1.22,0.17,1.19,0.00,0.90,0.09,0.91,0.07,0.50,0.40,0.95,-0.01,0.00,0.33,0.54
0.05,1.53,-0.11,1.26,0.15,1.34,-0.11,1.03,0.20,1.15,0.16,1.22,0.20,1.19,-0.01,0.87,0.09,0.89,0.07,0.48,0.41,0.92,-0.01,0.00,0.37,0.48
0.05,1.51,-0.10,1.25,0.15,1.30,-0.11,1.03,0.23,1.13,0.16,1.18,0.21,1.19,-0.02,0.86,0.10,0.89,0.06,0.47,0.41,0.88,-0.01,0.00,0.39,0.43
0.06,1.50,-0.10,1.25,0.15,1.30,-0.11,1.02,0.26,1.13,0.16,1.18,0.22,1.17,-0.02,0.86,0.10,0.86,0.06,0.47,0.41,0.84,-0.01,0.00,0.44,0.34
0.07,1.49,-0.10,1.25,0.15,1.30,-0.10,0.99,0.28,1.13,0.16,1.18,0.22,1.16,-0.03,0.85,0.10,0.84,0.05,0.48,0.41,0.81,-0.01,0.00,0.45,0.31
0.07,1.49,-0.09,1.24,0.15,1.29,-0.10,0.99,0.29,1.13,0.16,1.18,0.22,1.14,-0.04,0.85,0.10,0.84,0.05,0.48,0.41,0.73,-0.01,0.00,0.47,0.21
0.07,1.48,-0.09,1.23,0.16,1.29,-0.13,0.95,0.30,1.14,0.20,1.12,0.22,1.13,-0.04,0.85,0.10,0.83,0.05,0.48,0.42,0.66,-0.01,0.00,0.50,0.20
0.07,1.47,-0.09,1.22,0.17,1.28,-0.13,0.95,0.30,1.14,0.20,1.09,0.24,1.09,-0.04,0.85,0.11,0.83,0.05,0.48,0.42,0.65,-0.01,0.00,0.53,0.16
0.07,1.47,-0.09,1.21,0.18,1.26,-0.13,0.95,0.30,1.14,0.19,1.07,0.26,1.06,-0.04,0.85,0.11,0.83,0.08,0.49,0.42,0.59,-0.01,0.00,0.54,0.16
0.07,1.46,-0.09,1.19,0.18,1.25,-0.13,0.95,0.31,1.14,0.19,1.06,0.29,1.06,-0.04,0.85,0.11,0.83,0.08,0.50,0.43,0.57,-0.01,0.00,0.58,0.15
0.07,1.46,-0.07,1.17,0.20,1.23,-0.13,0.94,0.33,1.14,0.19,1.06,0.31,1.06,-0.04,0.84,0.12,0.81,0.08,0.50,0.42,0.54,-0.01,0.00,0.61,0.15
0.09,1.44,-0.07,1.17,0.20,1.23,-0.17,0.92,0.37,1.13,0.20,1.00,0.34,1.04,-0.04,0.84,0.12,0.80,0.08,0.50,0.42,0.48,-0.01,0.00,0.62,0.12
0.11,1.41,-0.06,1.16,0.20,1.23,-0.17,0.92,0.38,1.13,0.20,0.93,0.36,1.01,-0.04,0.83,0.12,0.78,0.09,0.49,0.42,0.45,-0.01,0.00,0.62,0.12
0.11,1.39,-0.06,1.16,0.20,1.23,-0.17,0.92,0.39,1.13,0.17,0.85,0.38,0.99,-0.04,0.81,0.12,0.78,0.10,0.47,0.42,0.43,-0.01,0.00,0.66,0.10
0.11,1.38,-0.05,1.15,0.20,1.23,-0.17,0.93,0.41,1.13,0.12,0.79,0.42,0.94,-0.04,0.80,0.12,0.77,0.11,0.46,0.42,0.41,-0.01,0.00,0.69,0.08
0.12,1.37,-0.03,1.14,0.21,1.20,-0.17,0.93,0.42,1.13,0.09,0.76,0.48,0.92,-0.04,0.77,0.12,0.77,0.11,0.46,0.42,0.41,-0.01,0.00,0.71,0.06
0.12,1.37,-0.02,1.18,0.24,1.18,-0.17,0.93,0.45,1.13,-0.04,0.66,0.51,0.91,-0.04,0.76,0.12,0.77,0.11,0.46,0.40,0.39,-0.01,0.00,0.68,0.10
0.14,1.36,-0.01,1.17,0.25,1.18,-0.17,0.93,0.45,1.13,-0.11,0.57,0.62,0.87,-0.04,0.74,0.12,0.76,0.11,0.46,0.38,0.37,-0.01,0.00,0.67,0.11
0.15,1.36,0.01,1.16,0.26,1.18,-0.19,0.95,0.49,1.13,-0.16,0.48,0.69,0.85,-0.03,0.72,0.12,0.76,0.11,0.46,0.37,0.38,-0.01,0.00,0.70,0.08
0.15,1.36,0.01,1.15,0.26,1.18,-0.20,0.95,0.50,1.13,-0.24,0.54,0.79,0.90,0.00,0.70,0.12,0.76,0.12,0.46,0.37,0.39,-0.01,0.00,0.66,0.10
0.15,1.36,0.02,1.15,0.26,1.18,-0.20,0.95,0.53,1.12,-0.28,0.54,0.85,0.94,0.01,0.70,0.12,0.76,0.13,0.46,0.35,0.39,-0.01,0.00,0.65,0.10
0.16,1.36,0.03,1.14,0.30,1.17,-0.20,0.95,0.53,1.12,-0.36,0.58,0.82,0.92,0.01,0.70,0.12,0.76,0.15,0.46,0.35,0.39,0.00,0.00,0.65,0.10
0.19,1.35,0.04,1.14,0.30,1.17,-0.20,0.97,0.54,1.12,-0.40,0.66,0.84,0.99,0.01,0.70,0.11,0.73,0.17,0.46,0.34,0.39,0.02,0.02,0.63,0.10
0.20,1.34,0.07,1.12,0.30,1.16,-0.20,0.98,0.54,1.12,-0.48,0.77,0.85,1.05,0.01,0.70,0.09,0.72,0.19,0.44,0.34,0.39,0.04,0.03,0.59,0.10
0.21,1.33,0.09,1.12,0.30,1.15,-0.19,1.01,0.54,1.12,-0.50,0.81,0.82,1.07,0.04,0.70,0.09,0.72,0.21,0.42,0.34,0.39,0.04,0.03,0.53,0.10
0.22,1.33,0.09,1.12,0.30,1.15,-0.19,1.09,0.53,1.18,-0.52,0.99,0.79,1.11,0.05,0.69,0.09,0.72,0.24,0.39,0.34,0.39,0.04,0.03,0.47,0.09
0.22,1.33,0.10,1.12,0.30,1.15,-0.20,1.16,0.49,1.22,-0.44,1.06,0.77,1.11,0.08,0.68,0.08,0.70,0.27,0.37,0.33,0.39,0.05,0.04,0.35,0.05
0.22,1.33,0.11,1.12,0.30,1.15,-0.19,1.22,0.43,1.24,-0.34,1.16,0.73,1.14,0.11,0.64,0.08,0.68,0.31,0.35,0.32,0.39,0.08,0.06,0.35,0.05
0.22,1.33,0.11,1.12,0.30,1.15,-0.15,1.24,0.35,1.24,-0.31,1.18,0.60,1.13,0.14,0.62,0.09,0.67,0.32,0.34,0.33,0.39,0.09,0.08,0.33,0.04
0.22,1.33,0.11,1.12,0.30,1.15,-0.09,1.24,0.28,1.24,-0.23,1.20,0.47,1.13,0.16,0.61,0.11,0.65,0.33,0.34,0.34,0.43,0.11,0.10,0.33,0.04
0.24,1.33,0.11,1.12,0.29,1.16,-0.06,1.22,0.21,1.22,-0.20,1.21,0.41,1.12,0.18,0.61,0.13,0.62,0.33,0.34,0.32,0.44,0.15,0.10,0.33,0.04
0.24,1.34,0.11,1.12,0.25,1.16,-0.06,1.22,0.14,1.18,-0.07,1.29,0.29,1.07,0.22,0.60,0.13,0.62,0.32,0.28,0.26,0.44,0.25,0.12,0.33,0.04
0.23,1.35,0.14,1.12,0.25,1.16,-0.04,1.20,0.11,1.16,0.02,1.34,0.20,1.05,0.25,0.59,0.18,0.54,0.34,0.23,0.22,0.41,0.21,0.10,0.32,0.02
0.22,1.35,0.17,1.12,0.24,1.15,-0.04,1.13,0.08,1.15,0.16,1.47,0.15,1.02,0.28,0.58,0.19,0.54,0.33,0.21,0.21,0.41,0.25,0.10,0.31,0.00
0.20,1.34,0.20,1.12,0.21,1.12,0.06,1.08,0.03,1.09,0.12,1.44,0.00,0.83,0.29,0.57,0.19,0.54,0.31,0.24,0.22,0.41,0.25,0.10,0.31,-0.01
0.19,1.34,0.26,1.12,0.20,1.10,0.18,0.97,-0.13,0.89,0.16,1.41,-0.06,0.75,0.29,0.57,0.18,0.52,0.32,0.24,0.21,0.41,0.25,0.10,0.31,-0.01
0.18,1.32,0.28,1.11,0.11,1.01,0.44,0.98,-0.12,0.77,0.22,1.33,-0.03,0.70,0.30,0.57,0.18,0.52,0.33,0.24,0.18,0.41,0.29,0.10,0.31,-0.01
0.16,1.29,0.28,1.08,0.00,0.93,0.62,1.09,-0.14,0.74,0.30,1.27,-0.01,0.67,0.32,0.58,0.17,0.52,0.35,0.24,0.17,0.41,0.32,0.10,0.31,-0.01
0.13,1.25,0.30,1.08,-0.02,0.91,0.66,1.12,-0.13,0.73,0.63,1.18,0.02,0.64,0.34,0.58,0.18,0.53,0.35,0.24,0.17,0.41,0.37,0.11,0.30,-0.02
0.10,1.22,0.32,1.06,-0.04,0.87,0.71,1.16,-0.12,0.70,0.76,1.21,0.07,0.62,0.35,0.58,0.19,0.55,0.36,0.24,0.16,0.41,0.40,0.11,0.30,-0.03
0.07,1.18,0.33,1.06,-0.02,0.84,0.67,1.12,-0.03,0.63,0.89,1.28,0.14,0.61,0.35,0.58,0.20,0.56,0.36,0.24,0.15,0.40,0.46,0.10,0.30,-0.03
0.05,1.16,0.33,1.05,0.00,0.83,0.60,1.05,0.01,0.61,0.76,1.13,0.19,0.61,0.38,0.60,0.20,0.57,0.37,0.21,0.15,0.39,0.50,0.10,0.30,-0.03
0.02,1.14,0.31,1.03,0.00,0.83,0.50,1.03,0.04,0.59,0.58,1.04,0.23,0.59,0.39,0.61,0.20,0.58,0.37,0.20,0.15,0.39,0.49,0.11,0.30,-0.02
-0.02,1.10,0.30,1.01,0.01,0.87,0.33,0.94,0.09,0.58,0.34,0.91,0.14,0.52,0.40,0.62,0.23,0.62,0.37,0.20,0.15,0.39,0.49,0.11,0.30,-0.02
-0.02,1.08,0.26,0.99,0.01,0.88,0.11,0.84,0.08,0.75,0.16,0.78,0.09,0.52,0.42,0.66,0.26,0.65,0.39,0.24,0.20,0.41,0.49,0.11,0.30,-0.02
-0.01,1.08,0.25,0.98,0.01,0.89,0.05,0.73,0.07,0.76,0.03,0.66,0.10,0.54,0.47,0.73,0.27,0.68,0.41,0.26,0.24,0.42,0.49,0.11,0.30,-0.02
0.02,1.08,0.24,0.97,0.01,0.90,0.07,0.68,0.07,0.77,-0.19,0.53,0.10,0.55,0.48,0.74,0.29,0.73,0.44,0.34,0.26,0.44,0.49,0.11,0.30,-0.02
0.02,1.09,0.21,0.95,0.01,0.94,0.07,0.67,0.07,0.78,-0.24,0.48,0.13,0.53,0.49,0.76,0.31,0.77,0.46,0.39,0.27,0.44,0.46,0.23,0.30,-0.02
0.03,1.11,0.19,0.93,0.02,0.97,0.07,0.67,0.11,0.81,-0.28,0.43,0.16,0.54,0.49,0.76,0.32,0.77,0.50,0.46,0.28,0.44,0.46,0.34,0.30,-0.02
0.03,1.11,0.16,0.88,0.04,0.99,0.11,0.74,0.13,0.82,-0.30,0.37,0.16,0.58,0.50,0.78,0.32,0.77,0.51,0.48,0.29,0.44,0.45,0.35,0.32,-0.02
0.03,1.12,0.16,0.88,0.04,1.00,0.07,0.74,0.16,0.84,-0.30,0.39,0.17,0.62,0.52,0.80,0.32,0.77,0.56,0.54,0.30,0.44,0.46,0.38,0.32,-0.02
0.00,1.15,0.13,0.87,0.04,1.02,0.05,0.73,0.18,0.87,-0.30,0.39,0.17,0.64,0.53,0.81,0.32,0.77,0.56,0.54,0.31,0.44,0.53,0.52,0.32,-0.02
0.00,1.15,0.11,0.88,0.04,1.02,0.06,0.73,0.18,0.90,-0.30,0.40,0.16,0.66,0.55,0.87,0.34,0.80,0.62,0.60,0.33,0.44,0.59,0.61,0.32,-0.02
0.00,1.15,0.11,0.88,0.03,1.05,0.06,0.73,0.19,0.91,-0.29,0.46,0.16,0.67,0.55,0.87,0.34,0.81,0.63,0.60,0.34,0.45,0.67,0.68,0.32,-0.02
-0.02,1.20,0.09,0.88,0.03,1.07,0.06,0.75,0.19,0.93,-0.26,0.49,0.17,0.68,0.55,0.89,0.35,0.82,0.64,0.62,0.34,0.45,0.76,0.75,0.32,-0.02
-0.02,1.22,0.08,0.90,0.03,1.08,0.06,0.76,0.19,0.95,-0.26,0.49,0.18,0.70,0.54,0.89,0.36,0.84,0.67,0.65,0.34,0.47,0.79,0.79,0.32,-0.02
-0.02,1.22,0.08,0.90,0.02,1.09,0.06,0.77,0.19,0.97,-0.25,0.49,0.18,0.72,0.54,0.89,0.37,0.85,0.73,0.66,0.34,0.48,0.83,0.86,0.32,-0.02
-0.02,1.23,0.08,0.90,0.02,1.10,0.06,0.78,0.16,0.96,-0.22,0.48,0.17,0.74,0.54,0.88,0.37,0.85,0.73,0.66,0.34,0.50,0.88,0.90,0.32,-0.02
-0.02,1.27,0.08,0.90,0.02,1.10,0.06,0.78,0.16,0.95,-0.19,0.50,0.17,0.76,0.53,0.86,0.37,0.85,0.73,0.67,0.30,0.47,0.94,0.97,0.32,-0.02
-0.02,1.31,0.08,0.91,0.01,1.11,0.07,0.79,0.16,0.95,-0.18,0.50,0.17,0.77,0.53,0.86,0.37,0.85,0.76,0.71,0.29,0.47,0.99,1.01,0.32,-0.02
-0.02,1.31,0.08,0.92,-0.01,1.12,0.07,0.80,0.16,0.95,-0.18,0.41,0.17,0.77,0.53,0.86,0.37,0.85,0.82,0.74,0.28,0.45,1.06,1.06,0.32,-0.02
-0.02,1.33,0.09,0.94,-0.02,1.14,0.07,0.80,0.12,0.95,-0.14,0.43,0.17,0.77,0.53,0.86,0.37,0.85,0.87,0.74,0.28,0.45,1.09,1.07,0.32,-0.02
-0.02,1.33,0.10,0.95,-0.02,1.14,0.07,0.80,0.11,0.95,-0.12,0.43,0.17,0.77,0.53,0.86,0.36,0.86,0.87,0.74,0.28,0.45,1.13,1.07,0.32,-0.02
-0.02,1.33,0.10,0.97,-0.02,1.14,0.07,0.80,0.10,0.95,-0.10,0.46,0.17,0.77,0.52,0.88,0.35,0.86,0.89,0.74,0.28,0.45,1.13,1.07,0.32,-0.02
-0.03,1.36,0.10,0.98,-0.05,1.15,0.11,0.84,0.09,0.95,-0.05,0.46,0.17,0.78,0.50,0.89,0.35,0.86,0.85,0.74,0.28,0.45,1.17,1.04,0.32,-0.02
-0.03,1.36,0.14,1.07,-0.06,1.15,0.11,0.84,0.09,0.96,-0.05,0.47,0.16,0.81,0.50,0.91,0.35,0.86,0.84,0.73,0.28,0.45,1.21,1.01,0.32,-0.02
-0.03,1.38,0.15,1.09,-0.07,1.15,0.11,0.84,0.08,0.96,-0.03,0.50,0.16,0.83,0.49,0.92,0.35,0.86,0.85,0.73,0.28,0.45,1.26,0.98,0.32,-0.02
-0.03,1.38,0.16,1.13,-0.07,1.15,0.13,0.87,0.03,0.96,0.03,0.53,0.16,0.83,0.49,0.92,0.35,0.86,0.85,0.73,0.30,0.46,1.25,0.90,0.32,-0.02
-0.03,1.39,0.16,1.16,-0.07,1.15,0.14,0.88,0.03,0.96,0.03,0.53,0.13,0.81,0.49,0.92,0.36,0.87,0.85,0.73,0.30,0.47,1.27,0.83,0.32,-0.02
-0.03,1.42,0.17,1.21,-0.09,1.16,0.14,0.88,0.03,0.96,0.08,0.54,0.13,0.81,0.49,0.93,0.38,0.88,0.83,0.72,0.30,0.47,1.27,0.71,0.32,-0.02
-0.03,1.42,0.17,1.21,-0.09,1.18,0.16,0.91,0.03,0.96,0.11,0.59,0.13,0.81,0.50,0.95,0.39,0.88,0.79,0.73,0.30,0.47,1.23,0.68,0.32,-0.02
-0.03,1.42,0.19,1.21,-0.08,1.20,0.18,0.93,0.00,0.95,0.13,0.62,0.13,0.81,0.50,0.95,0.39,0.88,0.75,0.74,0.30,0.47,1.23,0.65,0.32,-0.02
-0.03,1.42,0.20,1.21,-0.06,1.21,0.20,0.97,-0.01,0.95,0.14,0.63,0.10,0.81,0.50,0.97,0.39,0.88,0.71,0.74,0.30,0.47,1.18,0.58,0.32,-0.02
-0.02,1.45,0.20,1.21,-0.06,1.21,0.20,0.98,-0.02,0.95,0.15,0.64,0.09,0.83,0.50,0.97,0.39,0.88,0.69,0.74,0.30,0.47,1.08,0.43,0.32,-0.02
-0.02,1.47,0.22,1.24,-0.06,1.21,0.23,1.02,-0.02,0.95,0.15,0.67,0.09,0.83,0.50,0.97,0.39,0.88,0.63,0.70,0.30,0.47,1.04,0.40,0.32,-0.02
-0.02,1.49,0.22,1.24,-0.06,1.21,0.23,1.04,-0.03,0.97,0.16,0.69,0.08,0.84,0.50,0.97,0.39,0.88,0.61,0.69,0.30,0.47,0.96,0.36,0.32,-0.01
-0.02,1.49,0.22,1.24,-0.06,1.21,0.24,1.06,-0.03,0.97,0.16,0.71,0.08,0.85,0.50,0.97,0.39,0.88,0.60,0.68,0.30,0.46,0.90,0.32,0.32,-0.01
-0.02,1.51,0.22,1.25,-0.05,1.21,0.23,1.09,-0.03,0.97,0.16,0.74,0.08,0.86,0.50,0.97,0.37,0.87,0.59,0.65,0.26,0.46,0.82,0.28,0.32,-0.01
-0.03,1.52,0.23,1.28,-0.02,1.24,0.23,1.09,-0.03,1.00,0.16,0.74,0.07,0.87,0.48,0.95,0.36,0.87,0.56,0.63,0.26,0.46,0.74,0.26,0.32,-0.01
-0.04,1.53,0.23,1.28,-0.02,1.24,0.23,1.11,-0.03,1.00,0.14,0.76,0.07,0.89,0.48,0.95,0.36,0.87,0.53,0.61,0.24,0.45,0.67,0.24,0.32,-0.01
-0.02,1.54,0.23,1.28,-0.02,1.24,0.23,1.12,-0.03,0.98,0.14,0.76,0.06,0.90,0.47,0.95,0.36,0.87,0.50,0.59,0.22,0.45,0.58,0.21,0.32,-0.01
-0.01,1.55,0.23,1.29,-0.02,1.24,0.20,1.11,-0.03,0.98,0.10,0.76,0.05,0.91,0.46,0.95,0.36,0.87,0.49,0.58,0.22,0.45,0.51,0.18,0.32,-0.01
-0.01,1.55,0.23,1.32,-0.02,1.24,0.19,1.09,-0.02,0.99,0.10,0.76,0.05,0.91,0.46,0.93,0.34,0.85,0.46,0.56,0.22,0.45,0.47,0.16,0.32,-0.01
0.00,1.55,0.24,1.33,-0.02,1.24,0.19,1.09,0.00,1.00,0.07,0.73,0.02,0.93,0.45,0.92,0.33,0.84,0.43,0.56,0.22,0.45,0.44,0.14,0.32,-0.01
0.02,1.56,0.24,1.33,-0.02,1.24,0.19,1.09,0.01,1.00,0.07,0.73,-0.01,0.94,0.40,0.87,0.33,0.84,0.42,0.56,0.22,0.45,0.39,0.11,0.31,-0.01
0.02,1.58,0.24,1.33,0.02,1.26,0.19,1.09,0.02,1.01,0.04,0.74,-0.02,0.95,0.40,0.87,0.32,0.83,0.41,0.56,0.22,0.45,0.36,0.10,0.31,-0.01
0.02,1.58,0.24,1.33,0.04,1.29,0.16,1.07,0.03,1.02,0.04,0.74,-0.06,0.95,0.38,0.87,0.32,0.83,0.36,0.55,0.22,0.45,0.35,0.10,0.31,-0.01
0.02,1.58,0.24,1.33,0.05,1.30,0.16,1.07,0.04,1.03,0.04,0.74,-0.06,0.95,0.38,0.87,0.31,0.83,0.35,0.55,0.22,0.45,0.32,0.09,0.31,-0.01
0.02,1.59,0.24,1.33,0.05,1.31,0.16,1.07,0.05,1.04,0.04,0.74,-0.06,0.95,0.36,0.89,0.31,0.83,0.31,0.55,0.22,0.45,0.31,0.09,0.31,-0.01
0.05,1.61,0.24,1.34,0.06,1.33,0.16,1.07,0.05,1.04,0.04,0.74,-0.06,0.95,0.36,0.89,0.30,0.83,0.29,0.55,0.22,0.45,0.29,0.08,0.31,-0.01
0.05,1.62,0.22,1.37,0.06,1.34,0.15,1.07,0.07,1.08,0.03,0.73,-0.08,0.97,0.36,0.89,0.29,0.83,0.25,0.54,0.21,0.45,0.28,0.07,0.31,-0.01
0.05,1.63,0.21,1.38,0.07,1.39,0.15,1.07,0.07,1.08,0.03,0.73,-0.09,0.97,0.36,0.89,0.27,0.86,0.21,0.52,0.21,0.45,0.25,0.07,0.31,-0.01
0.04,1.65,0.20,1.39,0.07,1.39,0.14,1.07,0.08,1.11,0.03,0.73,-0.09,0.97,0.34,0.91,0.25,0.87,0.19,0.51,0.20,0.45,0.19,0.08,0.31,-0.01
0.04,1.65,0.20,1.40,0.07,1.40,0.14,1.07,0.08,1.12,0.03,0.73,-0.09,0.97,0.34,0.91,0.24,0.88,0.16,0.50,0.18,0.44,0.15,0.08,0.31,-0.01
0.04,1.65,0.20,1.40,0.07,1.40,0.13,1.07,0.08,1.12,0.03,0.75,-0.09,0.97,0.32,0.92,0.24,0.89,0.14,0.49,0.18,0.44,0.11,0.07,0.31,-0.01
0.04,1.65,0.20,1.40,0.07,1.40,0.12,1.08,0.09,1.14,0.02,0.78,-0.09,0.97,0.28,0.94,0.20,0.91,0.06,0.49,0.16,0.44,0.08,0.05,0.31,-0.01