Pitcher,ID,Pitch Type,xP0,yP0,zP0,xV0,yV0,zV0,xA0,yA0,zA0,Spin Rate,Spin Direction
"May, Dustin",669160,FC,-2.33,54.03,5.17,7.37,-134.13,-0.78,-3.44,29.60,-27.40,2394,226
"May, Dustin",669160,SI,-2.39,54.03,4.89,9.60,-138.91,-6.92,-21.77,29.56,-24.04,2320,239
"May, Dustin",669160,SI,-2.57,54.08,4.99,9.62,-139.07,-3.88,-21.25,29.50,-25.03,2328,238
"May, Dustin",669160,CH,-2.40,53.85,4.86,7.71,-125.47,-0.28,-15.45,24.64,-32.27,1987,272
"May, Dustin",669160,CH,-2.58,54.07,5.00,5.60,-126.34,-1.57,-13.96,24.87,-32.47,1938,268
"May, Dustin",669160,FF,-2.40,53.87,5.31,8.41,-140.96,-4.31,-16.16,32.82,-15.65,2241,230
"May, Dustin",669160,FC,-2.56,54.14,5.14,6.53,-135.19,-3.72,-4.03,27.71,-29.90,2545,236
"May, Dustin",669160,CU,-2.54,53.78,5.07,8.37,-123.88,-0.84,12.33,28.73,-36.81,3300,44
"May, Dustin",669160,CH,-2.51,54.03,4.92,7.91,-126.49,-2.32,-13.14,26.82,-33.22,1887,267
"May, Dustin",669160,FC,-2.48,54.06,5.14,9.31,-134.37,-4.77,-5.76,27.90,-26.15,2435,223
"May, Dustin",669160,FF,-2.06,53.93,5.39,5.61,-139.83,-5.07,-13.42,31.27,-15.71,2247,222
"May, Dustin",669160,FF,-2.21,53.97,5.37,8.71,-140.98,-4.95,-13.16,31.85,-16.01,2275,227
"May, Dustin",669160,FF,-2.32,53.82,5.23,8.66,-142.06,-6.05,-15.59,31.58,-16.80,2343,225
"May, Dustin",669160,FF,-2.32,53.86,5.34,10.39,-143.08,-5.65,-12.70,35.91,-12.94,2398,227
"May, Dustin",669160,CU,-2.40,53.98,5.06,6.22,-125.79,-1.32,11.94,29.24,-37.84,3396,44
"May, Dustin",669160,FF,-2.30,53.91,5.34,8.42,-141.52,-3.07,-15.16,34.27,-16.61,2326,232
"May, Dustin",669160,FC,-2.55,53.99,5.20,6.82,-135.39,-0.66,-5.70,29.87,-26.76,2447,229
"May, Dustin",669160,SI,-2.44,53.96,4.96,10.09,-139.35,-4.78,-23.46,30.46,-20.69,2477,234
"May, Dustin",669160,SI,-2.44,54.06,5.01,7.78,-139.60,-3.16,-23.15,31.95,-23.61,2490,236
"May, Dustin",669160,CU,-2.46,54.12,5.24,1.73,-122.70,3.17,13.83,26.05,-34.73,3235,53
"May, Dustin",669160,CU,-2.49,54.01,5.07,2.57,-123.37,0.15,14.30,28.32,-33.64,3286,51
"May, Dustin",669160,FC,-2.39,53.87,5.12,8.31,-133.69,-2.02,-4.23,28.74,-28.28,2351,233
"May, Dustin",669160,FC,-2.42,53.95,5.23,4.31,-134.46,1.78,-2.80,28.86,-29.46,2261,221
"May, Dustin",669160,FF,-2.19,53.92,5.33,8.13,-142.15,-6.55,-10.74,30.83,-12.95,2300,225
"May, Dustin",669160,CU,-2.34,53.97,5.07,4.77,-125.22,-0.23,13.85,29.32,-37.47,3375,48
"May, Dustin",669160,CU,-2.50,54.19,5.04,2.92,-124.93,2.52,12.43,29.03,-38.93,3380,50
"May, Dustin",669160,SI,-2.46,54.06,4.99,9.77,-141.65,-4.05,-23.35,33.16,-23.39,2383,239
"May, Dustin",669160,CU,-2.50,54.03,5.04,3.63,-125.69,-0.04,12.94,26.86,-38.01,3293,46
"May, Dustin",669160,SI,-2.48,53.96,4.96,7.81,-142.09,-3.88,-24.10,34.50,-25.85,2273,238
"May, Dustin",669160,FC,-2.53,54.07,5.20,3.34,-135.85,2.31,-2.59,26.53,-30.56,2516,200
"May, Dustin",669160,CU,-2.50,53.97,5.02,5.52,-126.54,-3.28,14.98,27.23,-37.62,3280,42
"May, Dustin",669160,CU,-2.37,53.35,5.08,6.13,-126.66,-1.48,13.11,28.90,-38.01,3405,46
"May, Dustin",669160,CH,-2.48,54.07,4.93,7.40,-130.42,-4.10,-15.85,25.82,-29.85,1899,261
"May, Dustin",669160,CH,-2.53,53.77,4.93,8.40,-129.36,-7.07,-12.70,26.56,-29.82,2067,264
"May, Dustin",669160,FC,-2.34,54.06,5.26,6.35,-135.58,-1.26,-0.70,27.01,-25.75,2515,218
"May, Dustin",669160,CU,-2.53,54.10,5.03,4.29,-126.68,-1.11,14.53,28.60,-35.05,3418,48
"May, Dustin",669160,FC,-2.43,53.93,5.18,8.71,-137.04,-4.46,-4.01,29.27,-24.69,2431,217
"May, Dustin",669160,FC,-2.54,54.05,5.12,8.96,-137.02,-3.68,-3.48,28.94,-24.54,2443,230
"May, Dustin",669160,SI,-2.38,53.86,4.98,11.61,-141.77,-8.46,-23.69,32.42,-24.21,2427,234
"May, Dustin",669160,CU,-2.45,54.11,5.13,4.93,-126.20,-2.26,13.47,29.67,-36.21,3377,49
"May, Dustin",669160,FC,-2.43,53.95,5.11,7.86,-133.70,-2.54,-2.52,26.78,-28.12,2456,214
"May, Dustin",669160,CU,-2.57,54.33,5.17,-0.76,-123.03,4.06,17.32,26.14,-35.23,3185,47
"May, Dustin",669160,FC,-2.45,53.93,5.17,6.66,-135.70,-2.14,-3.95,28.34,-24.15,2359,226
"May, Dustin",669160,SI,-2.48,54.06,5.02,8.16,-140.66,-4.25,-21.52,29.65,-23.90,2320,236
"May, Dustin",669160,CH,-2.46,53.94,4.97,6.56,-128.99,-3.59,-16.52,26.39,-30.56,2005,355
"May, Dustin",669160,FF,-1.82,53.75,5.24,9.15,-142.45,-6.87,-6.09,33.99,-15.54,2294,229
"May, Dustin",669160,FC,-2.27,53.96,5.26,6.23,-134.39,-1.09,-2.41,27.97,-28.42,2609,206
"May, Dustin",669160,CU,-2.54,54.25,5.14,5.70,-125.16,-2.01,14.28,27.33,-35.30,3390,45
"May, Dustin",669160,SI,-2.41,54.01,5.02,9.06,-140.79,-4.33,-21.56,31.13,-23.68,2284,235
"May, Dustin",669160,SI,-2.49,54.01,5.01,7.98,-140.30,-2.24,-20.98,32.02,-23.71,2225,235
"May, Dustin",669160,SI,-2.39,53.98,5.03,5.46,-141.13,-0.32,-22.11,33.81,-23.46,2345,234
"May, Dustin",669160,FF,-2.35,53.96,5.28,8.13,-143.58,-6.28,-14.33,33.19,-14.44,2322,229
"May, Dustin",669160,CU,-2.54,54.13,5.14,1.36,-124.91,1.08,15.31,27.63,-35.17,3395,52
"May, Dustin",669160,FC,-2.35,53.87,5.13,5.83,-137.29,-4.61,-2.70,29.41,-23.04,2663,226
"May, Dustin",669160,FF,-2.33,53.93,5.27,6.03,-143.40,-1.36,-13.44,33.94,-14.81,2418,233
"May, Dustin",669160,FC,-2.66,54.71,5.19,7.32,-135.68,-2.22,-2.11,30.48,-23.00,2568,226
"May, Dustin",669160,SI,-2.61,53.99,5.15,4.92,-140.70,-1.17,-23.04,31.88,-22.86,2281,235
"May, Dustin",669160,SI,-2.42,54.16,5.06,9.30,-143.37,-1.04,-22.71,30.98,-26.02,2363,231
"May, Dustin",669160,SI,-2.52,54.48,5.05,8.34,-144.30,-2.96,-23.62,33.80,-22.33,2367,237
"May, Dustin",669160,CU,-2.49,53.81,5.13,5.68,-127.51,-3.07,14.77,29.92,-36.60,3432,42
"May, Dustin",669160,FF,-1.95,53.92,5.37,10.45,-144.94,-4.46,-14.71,34.49,-15.08,2345,228
"May, Dustin",669160,SI,-2.51,54.10,5.00,6.57,-144.18,-3.49,-24.57,36.12,-25.19,2353,238
"May, Dustin",669160,CU,-2.63,54.31,5.06,5.06,-126.48,-2.51,11.97,28.69,-34.81,3262,47
"May, Dustin",669160,SI,-2.32,54.10,5.05,10.06,-143.76,-5.26,-23.20,33.69,-21.82,2358,238
"May, Dustin",669160,FC,-2.38,53.43,5.15,4.85,-136.77,-1.77,-3.45,30.45,-28.96,2452,217
"May, Dustin",669160,SI,-2.50,54.12,5.10,8.96,-142.55,-4.56,-21.32,31.52,-21.47,2274,235
"May, Dustin",669160,FC,-2.41,53.75,5.15,9.21,-133.96,-4.21,-3.59,26.63,-28.84,2478,224
"May, Dustin",669160,FC,-2.51,54.09,5.23,6.83,-135.30,-0.44,-2.14,26.52,-28.48,2529,218
"May, Dustin",669160,SI,-2.38,54.13,5.04,6.90,-142.09,-3.59,-21.33,31.79,-25.61,2332,239
"May, Dustin",669160,FC,-2.45,54.11,5.16,2.86,-134.47,1.75,0.55,25.68,-25.57,2621,200
"May, Dustin",669160,FF,-2.19,53.81,5.37,9.49,-143.53,-2.40,-13.97,32.51,-15.56,2389,230
"May, Dustin",669160,FF,-2.18,53.95,5.30,8.44,-143.45,-0.41,-14.42,31.28,-15.81,2296,229
"May, Dustin",669160,SI,-2.38,54.09,5.06,4.86,-144.59,-0.53,-21.36,36.16,-22.57,2374,232
"May, Dustin",669160,CU,-2.57,54.00,5.10,4.48,-127.14,-4.04,14.72,29.45,-36.06,3473,51
"May, Dustin",669160,FF,-2.31,53.89,5.38,9.80,-144.72,-4.27,-15.72,34.78,-14.88,2328,229
"May, Dustin",669160,SI,-2.53,53.80,5.04,8.57,-143.37,-4.07,-24.18,34.29,-19.78,2376,235
"May, Dustin",669160,FF,-2.41,53.92,5.31,10.76,-143.57,-9.27,-19.47,35.62,-10.88,2527,227
"May, Dustin",669160,SI,-2.53,54.09,5.10,11.24,-143.07,-4.43,-24.44,33.69,-23.55,2335,236
"May, Dustin",669160,SI,-2.53,54.15,5.14,6.67,-143.12,-3.15,-23.69,33.38,-22.70,2393,235
"May, Dustin",669160,SI,-2.35,53.96,5.10,8.89,-141.39,-4.10,-21.38,33.47,-22.95,2248,236
"May, Dustin",669160,FC,-2.29,54.01,5.27,2.97,-134.45,0.21,0.55,24.31,-28.17,2346,204
"May, Dustin",669160,SI,-2.37,54.02,5.16,9.56,-142.98,-4.47,-22.18,32.52,-22.93,2280,234
"May, Dustin",669160,SI,-2.35,53.88,5.06,11.05,-141.67,-6.74,-21.31,33.75,-21.79,2357,233
"May, Dustin",669160,FC,-2.45,53.98,5.24,6.14,-135.39,-2.96,-2.75,26.39,-25.12,2445,216
"May, Dustin",669160,CU,-2.46,53.85,5.15,2.19,-124.96,-2.20,16.00,27.93,-36.48,3357,48
"May, Dustin",669160,FF,-2.23,53.84,5.53,7.86,-143.25,-2.39,-12.86,33.54,-14.38,2183,221
"May, Dustin",669160,FC,-2.34,54.10,5.32,6.80,-134.39,-5.64,-2.24,24.71,-22.90,2383,219
"May, Dustin",669160,CH,-2.43,53.98,5.17,8.49,-129.35,0.07,-15.49,25.87,-27.46,1899,263
"May, Dustin",669160,FC,-2.45,53.96,5.28,5.24,-136.89,-1.84,-1.32,27.47,-23.69,2372,228
"May, Dustin",669160,SI,-2.32,53.87,5.12,9.29,-141.97,-4.92,-23.90,34.27,-25.98,2310,239
"May, Dustin",669160,SI,-2.34,53.95,5.09,8.23,-140.15,-6.77,-24.59,35.11,-22.68,2207,237
"May, Dustin",669160,SI,-2.30,53.82,5.20,10.86,-139.66,-6.38,-23.11,29.01,-23.12,2226,235
"May, Dustin",669160,FC,-2.37,53.98,5.27,9.38,-134.28,-4.73,-3.26,26.05,-24.21,2470,215
"May, Dustin",669160,SI,-2.45,53.98,5.14,8.60,-140.05,-5.12,-22.39,32.91,-24.42,2291,236
"May, Dustin",669160,CU,-2.33,54.15,5.23,2.68,-124.25,-2.75,16.03,27.93,-37.71,3298,47
"May, Dustin",669160,FF,-2.26,53.87,5.45,8.29,-140.51,-2.02,-15.11,31.13,-16.74,2150,223
"May, Dustin",669160,CH,-2.34,53.98,5.09,6.54,-129.43,-6.31,-14.98,26.37,-30.12,1831,268
"May, Dustin",669160,FC,-2.35,54.01,5.28,6.24,-134.30,-4.99,-2.22,25.71,-25.12,2255,216
"May, Dustin",669160,FC,-2.28,53.79,5.16,5.65,-133.92,-3.16,-0.16,27.68,-27.22,2356,239
"May, Dustin",669160,SI,-2.45,53.97,5.08,5.15,-141.95,-2.54,-21.29,34.08,-24.05,2215,238
"May, Dustin",669160,CU,-2.44,54.22,5.21,2.75,-120.58,3.40,15.25,23.72,-36.36,3137,45
"May, Dustin",669160,CU,-2.39,54.11,5.23,3.64,-122.87,-3.57,13.22,24.78,-36.63,3168,45
"May, Dustin",669160,CH,-2.41,54.03,5.09,5.37,-128.24,-1.59,-12.05,25.27,-32.74,1875,266
"May, Dustin",669160,FC,-2.43,54.08,5.31,5.61,-134.14,-3.56,-4.53,26.98,-25.43,2376,214
"May, Dustin",669160,SI,-2.39,53.87,5.16,8.05,-139.49,-4.77,-21.30,31.21,-24.19,2213,242
"May, Dustin",669160,SI,-2.35,53.98,5.24,6.22,-138.50,-5.16,-20.60,33.17,-21.05,2175,235
"May, Dustin",669160,FF,-2.11,53.81,5.55,7.12,-145.27,-2.15,-13.57,31.69,-12.38,2387,219
"May, Dustin",669160,FC,-2.24,53.93,5.28,7.64,-135.95,-1.72,1.83,25.89,-27.69,2402,195
"May, Dustin",669160,SI,-2.30,53.91,5.12,7.84,-144.27,-2.22,-22.11,29.39,-26.04,2296,231
"May, Dustin",669160,CU,-2.51,53.93,5.14,0.38,-124.09,0.34,15.57,27.86,-36.28,3386,53
"May, Dustin",669160,FF,-2.07,53.68,5.55,6.40,-146.09,-4.72,-13.02,33.29,-11.99,2395,217
"May, Dustin",669160,FC,-2.36,53.91,5.28,8.50,-135.95,-4.48,-0.81,28.11,-23.83,2547,233
"May, Dustin",669160,CH,-2.43,53.97,5.07,9.70,-131.83,-4.58,-15.06,26.06,-31.17,1986,260
"May, Dustin",669160,SI,-2.34,53.93,5.17,8.64,-144.29,-3.35,-23.51,33.39,-20.27,2321,238
"May, Dustin",669160,FC,-2.26,53.75,5.30,9.11,-136.78,-5.55,-1.94,27.69,-23.89,2483,206
"May, Dustin",669160,FF,-2.02,53.78,5.59,7.61,-145.61,-3.83,-11.83,34.28,-12.80,2314,221
"May, Dustin",669160,SI,-2.24,53.85,5.10,10.96,-143.86,-4.64,-29.23,38.25,-19.99,2374,233
"May, Dustin",669160,SI,-2.34,53.93,5.11,7.08,-144.25,-5.22,-24.33,34.01,-23.98,2380,232
"May, Dustin",669160,SI,-2.30,53.86,5.18,11.73,-143.31,-5.81,-25.71,30.28,-22.56,2385,232
"May, Dustin",669160,CU,-2.39,53.94,5.20,5.35,-125.50,-0.84,13.98,29.20,-34.17,3312,77
"May, Dustin",669160,FC,-2.36,53.97,5.20,6.27,-137.37,-3.67,-1.38,29.23,-25.80,2682,244
"May, Dustin",669160,CH,-2.48,54.01,5.13,6.96,-130.08,-4.45,-14.08,28.43,-32.82,1998,267
"May, Dustin",669160,FF,-2.33,53.94,5.41,6.10,-144.28,-4.52,-14.43,34.56,-11.03,2458,227
"May, Dustin",669160,SI,-2.34,53.76,5.15,9.43,-141.78,-6.64,-25.42,31.95,-23.67,2283,235
"May, Dustin",669160,FC,-2.52,53.67,5.19,9.24,-135.85,-4.63,-5.73,27.71,-24.06,2501,219
"May, Dustin",669160,SI,-2.31,54.02,5.08,9.70,-142.28,-3.56,-24.06,33.11,-23.19,2292,241
"May, Dustin",669160,SI,-2.34,53.79,5.01,12.75,-143.06,-6.71,-25.50,27.56,-22.78,2332,238
"May, Dustin",669160,FF,-2.25,53.84,5.34,13.12,-144.25,-6.63,-15.73,34.70,-13.22,2359,232
"May, Dustin",669160,CH,-2.54,54.06,5.03,5.08,-131.27,-2.16,-12.74,29.36,-28.96,1832,267
"May, Dustin",669160,CH,-2.45,53.89,5.12,6.95,-132.51,-3.78,-14.73,25.36,-32.12,1913,269
"May, Dustin",669160,FC,-2.31,53.89,5.15,5.16,-137.10,-3.47,-0.76,25.51,-25.74,2440,50
"May, Dustin",669160,FC,-2.45,54.07,5.30,6.54,-136.72,-0.44,-0.76,24.41,-26.85,2485,208
"May, Dustin",669160,SI,-2.41,54.01,5.14,7.35,-143.31,-4.57,-21.74,30.45,-22.48,2284,232
"May, Dustin",669160,SI,-2.38,54.15,5.10,10.66,-143.34,-5.18,-22.35,32.54,-21.96,2348,231
"May, Dustin",669160,CU,-2.47,53.88,5.21,7.46,-124.60,-2.71,13.23,28.90,-37.62,2304,140
"May, Dustin",669160,SI,-2.40,54.03,5.09,9.04,-142.19,-5.74,-21.81,31.06,-24.39,2334,241
"May, Dustin",669160,CU,-2.42,53.89,5.21,4.63,-124.17,-0.59,16.52,27.59,-36.50,3005,32
"May, Dustin",669160,SI,-2.35,53.77,5.13,10.10,-141.05,-3.07,-21.46,31.06,-23.15,2285,234
"May, Dustin",669160,CU,-2.65,54.20,5.24,2.12,-125.41,-0.11,14.77,27.63,-33.47,3282,47
"May, Dustin",669160,SI,-2.39,54.01,5.26,11.14,-139.79,-4.62,-22.63,30.86,-23.96,2257,243
"May, Dustin",669160,SI,-2.58,53.95,5.21,6.73,-140.87,-6.18,-21.28,33.12,-22.75,2198,240
"May, Dustin",669160,SI,-2.30,54.12,5.15,8.07,-142.62,-4.90,-20.51,29.24,-22.12,2180,239
"May, Dustin",669160,SI,-2.48,54.06,5.25,8.23,-141.72,-2.67,-22.55,33.59,-21.61,2289,238
"May, Dustin",669160,SI,-2.49,54.05,5.23,9.47,-141.68,-5.72,-18.91,27.05,-24.47,2322,236
"May, Dustin",669160,FF,-2.35,53.87,5.47,10.11,-142.83,-8.95,-16.58,29.69,-12.16,2348,223
"May, Dustin",669160,FC,-2.38,54.07,5.35,2.64,-137.02,-3.06,-0.61,28.53,-22.27,2356,211
"May, Dustin",669160,FF,-2.29,54.09,5.63,8.47,-143.02,-10.05,-13.90,31.54,-11.73,2299,220
"May, Dustin",669160,FC,-2.47,54.15,5.37,4.55,-133.66,-2.31,0.60,23.95,-26.36,2313,210
"May, Dustin",669160,SI,-2.36,53.98,4.82,7.86,-138.94,-2.72,-23.27,33.28,-26.25,2305,238
"May, Dustin",669160,CU,-2.39,53.67,4.91,5.85,-123.22,-0.27,12.01,27.07,-33.92,3165,45
"May, Dustin",669160,FF,-2.03,53.90,5.37,8.43,-142.01,-4.90,-13.15,35.65,-13.50,2233,228
"May, Dustin",669160,FC,-2.26,53.88,4.90,7.62,-132.45,-3.37,-0.22,29.31,-26.61,2391,229
"May, Dustin",669160,FF,-2.07,53.78,5.25,10.51,-140.11,-5.15,-13.51,33.99,-15.59,2177,227
"May, Dustin",669160,FF,-2.10,53.88,5.30,7.63,-140.08,-2.35,-12.91,35.75,-15.25,2286,227
"May, Dustin",669160,CU,-2.46,53.87,4.89,-1.68,-119.57,3.38,16.06,27.71,-30.95,3073,53
"May, Dustin",669160,CH,-2.27,53.86,4.74,7.64,-128.21,-1.61,-15.58,26.88,-29.11,1834,269
"May, Dustin",669160,SI,-2.11,53.77,5.14,9.82,-141.24,-3.74,-17.99,33.94,-17.85,2367,232
"May, Dustin",669160,FC,-2.16,53.75,5.04,7.79,-133.17,-3.96,-3.45,27.34,-25.28,2454,219
"May, Dustin",669160,FC,-2.32,54.09,4.98,2.10,-134.01,0.21,2.82,28.00,-21.95,2471,220
"May, Dustin",669160,FF,-2.13,53.77,5.34,7.62,-141.56,-2.82,-16.42,36.62,-17.05,2346,227
"May, Dustin",669160,FC,-2.20,53.69,5.01,9.81,-134.87,-2.79,-3.68,28.97,-27.32,2610,214
"May, Dustin",669160,SI,-2.34,53.95,4.82,7.48,-141.16,-3.73,-22.61,33.27,-26.65,2378,243
"May, Dustin",669160,SI,-2.38,54.02,4.85,9.64,-142.22,-5.46,-25.92,34.00,-26.48,2440,236
"May, Dustin",669160,FF,-2.00,53.92,5.31,9.44,-141.96,-7.06,-14.11,33.48,-11.99,2532,224
"May, Dustin",669160,SI,-2.33,53.87,4.86,7.64,-141.38,-2.88,-22.47,33.04,-25.58,2412,247
"May, Dustin",669160,CH,-2.33,53.94,4.83,9.16,-128.01,-3.01,-15.77,26.85,-34.41,1859,265
"May, Dustin",669160,SI,-2.36,54.02,5.03,5.97,-141.41,-1.78,-23.38,33.91,-26.93,2493,239
"May, Dustin",669160,CU,-2.34,53.97,5.08,2.87,-123.34,-1.34,13.79,25.61,-34.11,3320,50
"May, Dustin",669160,CU,-2.37,53.85,5.01,6.55,-123.32,-2.21,9.66,25.36,-35.91,3159,50
"May, Dustin",669160,SI,-2.49,54.10,4.95,8.15,-138.18,-3.03,-22.15,31.54,-26.51,2332,239
"May, Dustin",669160,SI,-2.20,53.99,4.78,8.82,-139.08,-3.25,-21.83,32.29,-27.06,2257,239
"May, Dustin",669160,CU,-2.26,53.84,5.05,2.50,-120.93,1.45,15.27,27.41,-32.20,3124,47
"May, Dustin",669160,SI,-2.32,53.72,4.72,9.72,-138.85,-4.37,-22.77,33.05,-25.06,2241,242
"May, Dustin",669160,SI,-2.33,54.01,4.94,7.25,-138.34,-2.14,-17.55,30.68,-23.64,2332,237
"May, Dustin",669160,CU,-2.37,54.03,4.99,3.27,-122.07,-0.31,11.79,26.95,-33.92,3115,53
"May, Dustin",669160,CU,-2.42,53.88,4.94,4.96,-124.74,1.11,15.36,29.31,-37.18,3367,50
"May, Dustin",669160,CU,-2.29,53.95,4.88,3.27,-123.83,1.35,13.46,27.33,-35.09,3200,53
"May, Dustin",669160,SI,-2.48,53.89,4.81,8.41,-138.31,-3.91,-23.42,32.70,-23.19,2315,240
"May, Dustin",669160,FF,-2.17,53.87,5.28,9.11,-141.00,-5.92,-13.92,36.16,-14.69,2387,224
"May, Dustin",669160,FF,-2.24,53.92,5.41,7.90,-140.18,-4.16,-12.97,32.92,-14.09,2387,224
"May, Dustin",669160,FC,-2.35,53.79,5.00,6.96,-133.70,-3.31,0.20,26.81,-21.00,2378,229
"May, Dustin",669160,SI,-2.29,54.03,4.98,5.76,-138.46,-1.48,-21.10,33.01,-24.65,2355,236
"May, Dustin",669160,SI,-2.30,53.81,4.90,8.75,-139.68,-4.59,-20.58,31.28,-21.69,2398,238
"May, Dustin",669160,SI,-2.41,53.90,4.89,10.11,-138.21,-5.02,-22.80,31.14,-22.36,2481,240
"May, Dustin",669160,SI,-2.24,53.94,4.97,6.98,-139.93,-2.96,-21.02,33.63,-22.45,2230,239
"May, Dustin",669160,FF,-2.00,53.95,5.31,8.12,-140.94,-4.92,-9.71,32.94,-15.62,2007,224
"May, Dustin",669160,FC,-2.21,53.92,5.06,8.51,-132.29,-2.84,-0.43,28.53,-26.49,2230,241
"May, Dustin",669160,FF,-2.10,53.85,5.31,7.67,-140.18,-3.98,-12.67,33.03,-12.18,2251,228
"May, Dustin",669160,FF,-2.18,54.05,5.24,5.87,-140.23,-0.43,-13.51,33.18,-16.87,2153,234
"May, Dustin",669160,FC,-2.22,54.05,5.09,2.52,-131.87,-0.08,0.12,26.72,-26.45,2285,196
"May, Dustin",669160,SI,-2.37,53.90,5.05,5.02,-140.99,-0.03,-20.84,35.95,-20.92,2265,238
"May, Dustin",669160,FC,-2.29,54.06,5.17,6.03,-133.42,-1.92,2.39,28.93,-25.30,2359,217
"May, Dustin",669160,FF,-1.96,54.00,5.43,9.94,-143.19,-5.21,-13.04,37.24,-14.35,2256,223
"May, Dustin",669160,FC,-2.38,54.10,5.19,4.85,-134.49,-1.67,0.63,28.43,-24.83,2330,229
"May, Dustin",669160,SI,-2.31,54.15,4.84,8.53,-142.44,-3.88,-23.77,36.30,-29.11,2306,245
"May, Dustin",669160,SI,-2.35,53.82,4.88,10.61,-141.89,-5.40,-24.25,35.71,-27.08,2341,239
"May, Dustin",669160,CU,-2.36,54.08,4.91,6.82,-124.80,-2.76,13.17,30.34,-32.91,3237,54
"May, Dustin",669160,CU,-2.45,54.01,4.88,2.75,-124.41,-0.81,13.66,29.19,-33.58,3195,55
"May, Dustin",669160,CU,-2.43,54.15,4.96,3.27,-125.04,-2.18,12.75,28.16,-31.86,3180,51
"May, Dustin",669160,SI,-2.17,54.02,4.84,8.62,-141.38,-2.22,-22.15,34.84,-24.27,2354,241
"May, Dustin",669160,SI,-2.35,53.95,4.77,11.07,-140.48,-1.89,-23.20,33.28,-23.99,2363,241
"May, Dustin",669160,CU,-2.33,53.87,4.96,8.13,-124.59,-2.46,12.87,28.26,-33.31,3397,49
"May, Dustin",669160,SI,-2.29,53.96,4.84,9.12,-140.73,-4.88,-22.36,34.87,-21.61,2264,243
"May, Dustin",669160,SI,-2.25,53.89,4.90,9.01,-140.92,-4.20,-20.77,34.44,-19.59,2308,236
"May, Dustin",669160,FC,-2.43,53.68,5.10,6.75,-133.38,-2.55,-0.06,26.46,-24.47,2476,218
"May, Dustin",669160,FF,-2.13,53.69,5.24,12.88,-141.96,-8.33,-13.08,31.28,-13.38,2361,225
"May, Dustin",669160,FC,-2.43,54.16,5.34,2.52,-134.11,2.90,2.21,27.61,-26.49,2467,205
"May, Dustin",669160,FF,-2.16,53.94,5.31,9.54,-141.72,-6.80,-15.42,35.01,-15.97,2376,226
"May, Dustin",669160,FF,-2.17,53.99,5.34,5.69,-143.24,-4.33,-10.72,35.94,-13.93,2320,225
"May, Dustin",669160,FC,-2.27,54.00,5.10,8.84,-135.95,-8.01,-0.94,26.34,-21.82,2512,218
"May, Dustin",669160,FF,-2.08,53.86,5.23,9.19,-142.95,-7.09,-13.31,32.59,-13.67,2449,221
"May, Dustin",669160,FC,-2.16,53.89,5.14,10.63,-135.33,-5.59,-3.04,27.79,-25.47,2498,219
"May, Dustin",669160,FC,-2.14,53.90,5.12,5.73,-135.38,-1.74,-1.21,26.94,-26.89,2569,193
"May, Dustin",669160,FC,-2.33,53.89,5.13,11.55,-136.78,-4.37,-1.78,27.89,-22.33,2584,207
"May, Dustin",669160,CU,-2.44,53.70,4.90,4.23,-126.17,-3.13,15.58,27.96,-33.03,3342,56
"May, Dustin",669160,SI,-2.33,53.95,4.89,10.05,-144.77,-6.22,-24.67,34.80,-23.41,2385,233
"May, Dustin",669160,FC,-2.33,53.63,5.09,8.03,-135.25,-1.34,-0.23,27.31,-27.02,2641,155
"May, Dustin",669160,SI,-2.36,53.86,4.91,9.88,-144.73,-6.84,-24.13,33.69,-22.56,2381,234
"May, Dustin",669160,SI,-2.43,54.00,5.05,7.61,-145.01,-4.40,-23.59,35.00,-23.39,2361,233
"May, Dustin",669160,CU,-2.48,53.92,5.11,3.41,-125.79,2.17,13.54,30.18,-38.45,3424,58
"May, Dustin",669160,FC,-2.33,53.84,5.10,6.28,-135.86,-1.23,-2.12,27.05,-26.59,2508,222
"May, Dustin",669160,CH,-2.49,53.91,4.93,5.62,-131.63,0.85,-17.23,29.78,-31.78,1913,262
"May, Dustin",669160,FF,-2.13,53.88,5.47,7.16,-144.07,-4.04,-17.04,37.00,-14.50,2460,225
"May, Dustin",669160,FC,-2.21,53.68,5.14,6.85,-136.48,-2.15,-0.71,30.03,-27.12,2538,185
"May, Dustin",669160,FF,-2.20,53.62,5.26,6.44,-143.02,-5.75,-15.67,33.58,-14.13,2359,228
"May, Dustin",669160,FF,-2.27,53.86,5.32,8.52,-141.17,-3.89,-16.26,33.86,-14.83,2389,224
"May, Dustin",669160,FF,-2.41,53.96,5.45,4.93,-142.11,-1.38,-12.42,32.49,-14.11,2248,226
"May, Dustin",669160,CU,-2.55,54.03,5.12,-1.14,-122.91,3.97,17.16,27.79,-36.29,3107,51
"May, Dustin",669160,FC,-2.45,53.88,5.23,6.60,-133.61,-1.04,1.20,29.50,-26.73,2523,220
"May, Dustin",669160,FC,-2.45,53.92,5.27,2.53,-133.55,0.20,0.67,28.19,-25.03,2402,223
"May, Dustin",669160,FC,-2.38,54.05,5.13,2.61,-134.03,-1.16,1.49,26.05,-27.49,2421,237
"May, Dustin",669160,FF,-2.04,53.76,5.30,9.41,-141.33,-5.77,-14.21,31.94,-14.17,2354,227
"May, Dustin",669160,FF,-2.18,54.05,5.34,4.91,-141.67,-2.84,-11.85,33.90,-16.82,2303,227
"May, Dustin",669160,CU,-2.55,53.98,5.02,8.48,-125.63,-1.79,8.17,26.64,-34.85,3219,35
"May, Dustin",669160,FC,-2.35,54.04,5.15,8.38,-134.86,-4.04,-3.21,25.89,-25.58,2449,221
"May, Dustin",669160,FF,-2.08,53.86,5.41,6.18,-141.64,-0.75,-10.48,30.31,-15.59,2288,227
"May, Dustin",669160,FF,-2.08,53.97,5.37,8.35,-141.35,-6.91,-13.83,31.80,-13.19,2354,233
"May, Dustin",669160,FC,-2.39,53.90,5.20,7.63,-130.96,-5.33,-2.25,24.53,-24.96,2439,235
"May, Dustin",669160,CU,-2.38,54.26,5.15,-0.87,-121.74,5.46,10.97,23.60,-37.22,3038,52
"May, Dustin",669160,CU,-2.48,54.03,5.13,2.56,-125.60,0.34,15.07,25.66,-34.36,3359,45
"May, Dustin",669160,FF,-1.95,54.05,5.53,5.99,-143.48,-2.54,-10.96,32.80,-14.87,2436,215
"May, Dustin",669160,FC,-2.47,53.87,5.08,4.11,-135.05,-0.79,-0.07,26.52,-26.76,2468,229
"May, Dustin",669160,FF,-2.16,53.85,5.32,7.09,-140.77,-2.06,-10.60,29.67,-14.92,2317,227
"May, Dustin",669160,FF,-2.15,53.85,5.34,8.37,-142.72,-2.67,-11.78,33.65,-15.36,2343,226
"May, Dustin",669160,FC,-2.32,53.79,5.08,8.86,-134.86,-7.08,-0.94,27.19,-24.61,2482,235
"May, Dustin",669160,FC,-2.25,53.87,5.20,9.80,-135.76,-5.23,-1.24,27.71,-24.25,2473,234
"May, Dustin",669160,SI,-2.31,53.94,5.06,9.13,-142.23,-7.76,-21.77,32.63,-23.24,2433,228
"May, Dustin",669160,FF,-2.09,53.76,5.31,9.53,-142.54,-4.04,-13.53,33.02,-14.69,2371,231
"May, Dustin",669160,FF,-2.15,54.01,5.45,3.87,-144.28,-0.76,-11.60,34.14,-16.06,2315,228
"May, Dustin",669160,CU,-2.52,54.08,4.97,4.65,-124.17,-1.67,13.11,28.25,-37.23,3268,45
"May, Dustin",669160,CU,-2.46,54.10,5.05,6.16,-124.08,-1.71,9.49,27.48,-36.70,3146,38
"May, Dustin",669160,FC,-2.51,54.19,5.23,2.36,-132.74,0.80,-1.33,24.83,-26.74,2339,225
"May, Dustin",669160,FC,-2.41,54.00,5.17,5.62,-134.55,-1.91,-0.25,25.46,-28.31,2457,234
"May, Dustin",669160,SI,-2.44,54.05,5.06,7.58,-140.24,-3.60,-21.48,29.05,-25.46,2340,245
"May, Dustin",669160,SI,-2.49,54.12,4.89,9.91,-139.25,-3.83,-22.45,31.60,-24.65,2314,239
"May, Dustin",669160,SI,-2.46,53.94,4.88,9.14,-139.77,-3.54,-23.13,32.16,-24.32,2340,236
"May, Dustin",669160,FC,-2.47,53.91,5.14,7.31,-134.14,-2.87,-0.78,25.43,-24.75,2440,234
"May, Dustin",669160,FF,-2.33,53.96,5.42,8.63,-139.71,-4.43,-17.75,32.20,-15.55,2447,225
"May, Dustin",669160,FF,-2.11,54.07,5.41,7.44,-143.57,-3.15,-15.27,31.82,-16.04,2371,227
"May, Dustin",669160,CU,-2.39,53.84,5.00,5.03,-124.97,-0.70,10.97,26.97,-34.38,3177,47
"May, Dustin",669160,FF,-2.18,53.87,5.35,6.72,-143.70,-3.22,-14.46,32.86,-15.21,2248,230
"May, Dustin",669160,SI,-2.47,54.05,4.86,9.35,-141.69,-3.56,-22.42,32.30,-23.09,2255,234
"May, Dustin",669160,SI,-2.52,53.98,4.83,10.27,-140.35,-5.09,-23.24,31.07,-24.42,2272,236
"May, Dustin",669160,SI,-2.50,54.21,4.87,8.85,-138.81,0.20,-19.23,29.74,-26.45,2268,242
"May, Dustin",669160,CU,-2.52,54.16,4.95,-0.48,-124.57,0.74,15.56,26.44,-36.73,3269,54
"May, Dustin",669160,SI,-2.46,54.24,4.97,7.56,-141.16,-3.03,-21.40,31.26,-23.31,2336,239
"May, Dustin",669160,CU,-2.43,53.73,4.91,5.13,-123.98,-1.50,11.92,25.63,-36.46,3284,41
"May, Dustin",669160,FF,-2.33,53.97,5.30,8.13,-142.58,-5.07,-11.68,31.73,-14.10,2252,232
"May, Dustin",669160,FC,-2.29,53.96,5.19,9.86,-134.89,-4.42,1.40,27.43,-24.51,2522,237
"May, Dustin",669160,CH,-2.47,53.80,4.86,9.12,-130.69,-2.26,-16.03,25.80,-24.77,1880,260
"May, Dustin",669160,FC,-2.34,53.87,5.19,5.76,-135.38,-2.25,3.06,26.20,-25.72,2523,217
"May, Dustin",669160,FC,-2.26,53.88,5.27,6.21,-136.57,-1.66,2.30,26.70,-25.19,2517,225
"May, Dustin",669160,SI,-2.36,54.04,5.01,8.99,-142.18,-3.66,-22.08,33.68,-22.38,2457,235
"May, Dustin",669160,CU,-2.63,54.10,5.03,1.13,-123.91,1.10,14.15,27.66,-37.57,3322,46
"May, Dustin",669160,FF,-2.05,53.73,5.38,10.04,-144.85,-7.05,-13.21,33.01,-11.91,2463,225
"May, Dustin",669160,CU,-2.44,53.95,4.91,5.96,-127.23,-4.16,12.96,28.50,-34.88,3311,43
"May, Dustin",669160,CU,-2.43,54.13,5.06,3.40,-127.89,-1.97,14.92,28.87,-36.78,3409,52
"May, Dustin",669160,FF,-2.05,53.83,5.45,9.18,-145.88,-4.07,-14.60,32.51,-11.56,2534,221
"May, Dustin",669160,SI,-2.37,54.09,5.00,7.88,-142.35,-2.70,-21.56,31.40,-23.02,2329,237
"May, Dustin",669160,SI,-2.42,54.08,4.99,6.86,-142.56,-2.85,-22.77,30.80,-23.92,2353,234
"May, Dustin",669160,CU,-2.46,54.05,5.13,5.31,-125.10,-2.92,12.81,25.36,-36.42,3292,47
"May, Dustin",669160,CU,-2.61,53.98,5.06,3.47,-125.40,0.24,14.61,27.60,-33.86,3354,47
"May, Dustin",669160,FF,-2.23,53.88,5.34,9.04,-142.09,-4.88,-16.73,35.10,-14.88,2455,233
"May, Dustin",669160,CU,-2.61,54.05,5.05,1.61,-121.52,1.85,14.57,25.66,-33.36,3227,54
"May, Dustin",669160,SI,-2.37,54.05,4.99,8.44,-140.12,-2.63,-21.98,29.88,-27.50,2300,234
"May, Dustin",669160,FF,-2.28,53.79,5.34,9.41,-141.68,-5.95,-12.15,29.66,-15.45,2335,219
"May, Dustin",669160,SI,-2.44,54.01,5.03,8.03,-139.73,-0.76,-21.74,29.35,-28.37,2333,234
"May, Dustin",669160,SI,-2.40,54.01,4.95,9.09,-140.59,-3.66,-21.59,31.38,-22.16,2345,235
"May, Dustin",669160,CU,-2.46,53.96,5.06,8.23,-124.17,-1.20,11.79,26.69,-36.49,3287,44
"May, Dustin",669160,FC,-2.33,53.97,5.14,9.17,-137.68,-5.52,-2.51,27.46,-25.54,2511,237
"May, Dustin",669160,FF,-2.27,53.84,5.35,7.55,-144.84,-4.83,-14.33,32.34,-14.83,2495,226
"May, Dustin",669160,FC,-2.54,53.83,5.15,7.77,-136.45,-4.11,-0.78,25.42,-26.18,2439,227
"May, Dustin",669160,FF,-2.23,53.90,5.45,8.58,-143.90,-2.20,-13.66,32.83,-13.15,2470,230
"May, Dustin",669160,FF,-2.29,53.92,5.30,8.00,-143.14,-4.88,-13.42,31.79,-13.41,2384,229
"May, Dustin",669160,FC,-2.48,54.01,5.19,3.49,-134.55,-1.38,1.36,24.70,-26.16,2568,222
"May, Dustin",669160,FC,-2.65,53.91,5.19,7.40,-134.55,-0.45,-0.30,25.61,-26.90,2451,222
"May, Dustin",669160,FF,-2.15,53.86,5.36,8.98,-143.57,-1.28,-11.91,32.33,-12.14,2443,226
"May, Dustin",669160,SI,-2.49,54.13,5.03,7.27,-142.06,-2.96,-21.21,30.60,-27.09,2300,239
"May, Dustin",669160,CU,-2.61,54.12,5.03,1.72,-123.25,1.65,13.65,26.00,-35.62,3323,51
"May, Dustin",669160,CU,-2.67,54.04,5.08,2.40,-125.26,-0.73,14.01,25.10,-35.42,3225,48
"May, Dustin",669160,FF,-2.39,53.96,5.56,7.97,-143.84,-2.69,-14.07,32.35,-12.70,2406,225
"May, Dustin",669160,FC,-2.39,53.85,5.24,5.76,-135.44,-3.43,-0.60,25.90,-22.56,2501,224
"May, Dustin",669160,FF,-2.27,54.19,5.44,5.36,-142.61,-5.37,-9.69,33.51,-12.66,2339,225
"May, Dustin",669160,FF,-2.32,53.96,5.48,6.53,-142.09,-4.77,-11.93,32.38,-14.55,2321,225
"May, Dustin",669160,FC,-2.55,53.89,5.18,7.43,-135.81,-3.01,0.27,26.29,-23.93,2465,218
"May, Dustin",669160,FF,-2.35,53.83,5.26,11.27,-142.52,-5.90,-14.69,29.28,-15.05,2382,234
"May, Dustin",669160,SI,-2.43,53.93,4.92,9.07,-142.05,-5.76,-21.85,29.66,-26.46,2369,238
"May, Dustin",669160,FC,-2.53,53.83,5.16,7.41,-136.10,-2.55,-0.81,24.00,-22.89,2469,225
"May, Dustin",669160,FF,-2.36,53.99,5.32,5.18,-144.70,-3.43,-14.23,30.33,-16.96,2331,227
"May, Dustin",669160,FF,-2.38,53.75,5.29,11.42,-143.27,-8.08,-15.26,28.67,-15.78,2319,231
"May, Dustin",669160,FF,-2.30,53.90,5.42,10.46,-145.04,-0.11,-12.56,33.84,-14.98,2362,227
"May, Dustin",669160,CH,-2.51,53.84,4.96,9.61,-129.32,-4.68,-16.59,27.58,-32.64,2009,261
"May, Dustin",669160,SI,-2.55,54.12,5.12,7.24,-143.49,-3.00,-20.51,34.34,-21.17,2381,237
"May, Dustin",669160,FC,-2.53,53.87,5.30,7.75,-134.75,-5.21,-0.39,28.01,-24.90,2557,216
"May, Dustin",669160,FF,-2.22,53.82,5.44,9.51,-144.65,-7.33,-13.89,32.30,-12.29,2429,227
"May, Dustin",669160,FF,-2.35,53.95,5.44,8.66,-143.14,-3.83,-15.65,31.29,-15.27,2409,223
"May, Dustin",669160,FF,-2.36,54.05,5.44,6.58,-141.83,-2.88,-12.79,31.46,-14.01,2400,225
"May, Dustin",669160,SI,-2.58,54.02,4.96,6.98,-138.13,-1.72,-18.72,33.39,-20.77,2050,233
"May, Dustin",669160,FC,-2.28,53.94,5.19,10.07,-132.86,-4.51,2.27,27.54,-26.90,2446,211
"May, Dustin",669160,FC,-2.44,53.85,5.05,7.79,-133.65,-5.08,2.31,27.31,-24.42,2435,235
"May, Dustin",669160,FC,-2.55,54.04,5.12,6.42,-133.01,-1.75,2.78,27.78,-27.03,2344,214
"May, Dustin",669160,FF,-2.22,53.86,5.43,12.56,-139.67,-6.30,-13.82,32.65,-13.86,2234,222
"May, Dustin",669160,CU,-2.37,53.93,5.07,2.69,-122.11,0.28,13.46,29.83,-36.34,3114,48
"May, Dustin",669160,CU,-2.59,53.83,5.01,-0.25,-122.59,2.53,17.34,28.52,-34.94,3235,53
"May, Dustin",669160,SI,-2.57,54.09,4.93,9.60,-139.67,-4.43,-24.38,33.02,-22.90,2277,235
"May, Dustin",669160,SI,-2.48,54.06,4.80,8.24,-139.16,-3.93,-21.47,33.01,-21.85,2226,234
"May, Dustin",669160,CU,-2.59,54.03,5.01,-1.12,-120.39,0.92,17.34,27.79,-32.86,3278,50
"May, Dustin",669160,FC,-2.38,53.98,5.16,7.59,-134.89,-4.31,-1.69,29.24,-25.03,2405,228
"May, Dustin",669160,CH,-2.49,54.10,4.93,6.15,-128.42,-1.40,-16.84,29.58,-31.03,1932,269
"May, Dustin",669160,CU,-2.65,54.02,4.97,1.41,-122.74,1.07,15.24,29.70,-35.46,3180,55
"May, Dustin",669160,FC,-2.36,54.07,5.34,5.05,-134.16,0.12,0.34,28.31,-26.41,2430,224
"May, Dustin",669160,CU,-2.45,53.95,5.14,5.07,-124.69,2.49,12.50,30.45,-35.15,3201,45
"May, Dustin",669160,FF,-2.27,53.94,5.39,8.42,-140.96,-3.39,-13.89,33.23,-13.29,2280,228
"May, Dustin",669160,SI,-2.31,53.96,5.08,8.44,-141.55,-6.45,-22.26,33.38,-22.39,2307,237
"May, Dustin",669160,SI,-2.49,54.15,5.10,8.03,-139.74,-3.12,-21.83,32.96,-20.09,2337,235
"May, Dustin",669160,FF,-2.23,53.86,5.52,4.30,-140.22,-0.52,-9.51,32.65,-13.50,2350,221
"May, Dustin",669160,FC,-2.44,54.01,5.22,6.94,-132.20,-2.74,-1.05,26.33,-26.87,2598,234
"May, Dustin",669160,CU,-2.40,54.06,5.11,7.06,-123.34,-2.38,11.96,29.35,-35.93,3235,37
"May, Dustin",669160,CU,-2.42,54.00,5.14,7.69,-122.81,-1.88,10.46,28.10,-34.19,3106,53
"May, Dustin",669160,SI,-2.47,54.20,5.08,8.42,-139.93,-4.54,-24.38,34.38,-21.64,2332,235
"May, Dustin",669160,FC,-2.40,53.85,5.21,6.90,-134.92,-1.28,-0.38,26.93,-26.54,2520,213
"May, Dustin",669160,FF,-2.12,54.04,5.49,8.23,-143.63,-1.27,-15.28,35.17,-15.61,2363,222
"May, Dustin",669160,FC,-2.38,53.97,5.24,9.15,-134.85,-3.70,-0.84,27.36,-27.54,2520,223
"May, Dustin",669160,CU,-2.34,53.91,5.09,7.15,-125.05,-4.07,13.18,31.48,-37.88,3266,42
"May, Dustin",669160,FC,-2.29,54.06,5.24,5.34,-134.24,-2.19,0.17,29.13,-27.99,2590,226
"May, Dustin",669160,CH,-2.33,53.82,5.10,10.55,-129.18,-4.42,-17.65,28.18,-26.75,2080,261
"May, Dustin",669160,FF,-2.12,54.03,5.52,8.10,-140.24,-5.12,-12.60,33.28,-12.47,2319,219
"May, Dustin",669160,FC,-2.27,54.13,5.43,7.24,-135.46,-2.12,1.33,28.05,-24.88,2427,228
"May, Dustin",669160,FF,-2.03,53.94,5.45,7.62,-142.54,-3.68,-12.48,35.83,-11.13,2432,224
"May, Dustin",669160,CU,-2.52,54.20,5.16,0.87,-123.23,0.97,17.13,29.17,-36.69,3388,46
"May, Dustin",669160,CU,-2.31,54.04,5.08,4.20,-122.89,2.12,16.03,28.33,-34.14,3316,46
"May, Dustin",669160,CU,-2.39,54.20,5.12,3.07,-124.65,1.56,16.49,28.69,-33.24,3381,44
"May, Dustin",669160,CU,-2.55,54.03,4.98,3.39,-125.06,2.61,14.15,27.69,-30.09,3260,48
"May, Dustin",669160,SI,-2.48,54.05,5.18,7.42,-138.87,-4.08,-21.96,32.37,-22.90,2383,236
"May, Dustin",669160,FC,-2.34,53.98,5.23,7.01,-133.26,-1.98,-0.55,26.93,-23.97,2298,219
"May, Dustin",669160,FF,-2.12,53.92,5.54,9.67,-140.84,-2.75,-13.46,32.75,-12.83,2201,226
"May, Dustin",669160,FF,-2.17,53.96,5.44,8.13,-142.02,-7.13,-14.13,35.34,-13.07,2370,222
"May, Dustin",669160,CU,-2.66,54.15,5.07,3.11,-123.57,1.20,14.38,29.50,-36.66,3254,53
"May, Dustin",669160,FF,-2.17,53.86,5.48,8.52,-141.15,-7.09,-11.53,34.60,-11.77,2282,223
"May, Dustin",669160,FF,-2.03,53.87,5.53,9.59,-141.95,-9.08,-12.67,34.76,-12.10,2284,223
"May, Dustin",669160,CU,-2.63,54.09,5.10,2.93,-122.03,1.49,15.63,28.39,-34.84,3259,52
"May, Dustin",669160,CU,-2.74,54.13,4.93,1.02,-123.36,2.09,15.75,27.21,-35.88,3164,53
"May, Dustin",669160,SI,-2.51,54.21,5.11,6.41,-140.14,-1.42,-21.95,32.16,-23.86,2353,233
"May, Dustin",669160,CU,-2.48,54.01,5.00,4.67,-125.37,-0.25,14.79,29.58,-31.34,3077,52
"May, Dustin",669160,SI,-2.43,53.94,5.08,6.96,-140.69,-3.50,-23.49,35.20,-20.59,2350,237
"May, Dustin",669160,CU,-2.58,53.90,5.00,8.48,-125.37,-0.73,12.24,30.59,-33.39,3269,50
"May, Dustin",669160,CU,-2.61,54.23,5.05,3.44,-125.00,0.43,12.46,28.92,-35.41,3273,53
"May, Dustin",669160,FF,-2.09,53.95,5.51,7.94,-141.36,-4.10,-15.45,36.13,-12.90,2403,227
"May, Dustin",669160,CH,-2.41,54.05,4.91,9.31,-127.26,-3.76,-14.73,27.05,-30.61,1942,263
"May, Dustin",669160,FF,-2.10,53.97,5.49,7.39,-141.12,-1.62,-13.76,36.16,-13.81,2343,224
"May, Dustin",669160,FC,-2.31,53.94,5.21,5.11,-135.54,-2.31,1.07,30.15,-27.98,2502,210
"May, Dustin",669160,FF,-2.13,54.00,5.49,6.36,-142.92,-2.21,-11.50,35.51,-16.83,2302,218
"May, Dustin",669160,SI,-2.33,54.15,5.05,8.98,-142.17,-3.96,-22.39,34.97,-21.07,2352,236
"May, Dustin",669160,SI,-2.48,54.20,5.12,5.78,-141.97,-3.50,-22.14,35.09,-20.72,2339,235
"May, Dustin",669160,FC,-2.27,53.93,5.18,10.11,-136.70,-5.59,-1.80,27.69,-21.66,2480,223
"May, Dustin",669160,CH,-2.41,54.06,5.00,7.85,-128.32,-3.41,-15.95,29.24,-33.03,2045,264
"May, Dustin",669160,FF,-2.06,53.92,5.56,7.59,-143.20,-3.15,-17.21,34.31,-13.28,2450,227
"May, Dustin",669160,CH,-2.48,54.07,5.06,7.19,-127.57,-0.30,-15.28,28.61,-34.15,1891,269
"May, Dustin",669160,FC,-2.47,54.14,5.29,6.75,-136.44,-0.69,-1.73,29.58,-23.53,2451,232
"May, Dustin",669160,CH,-2.51,53.97,4.98,6.64,-127.11,-1.69,-16.24,27.85,-34.94,1824,269
"May, Dustin",669160,FF,-2.16,54.14,5.58,6.76,-141.77,-3.24,-14.17,34.69,-14.05,2304,221
"May, Dustin",669160,CU,-2.43,53.96,4.99,4.58,-124.99,-3.20,16.96,30.96,-35.13,3319,49
"May, Dustin",669160,CU,-2.32,53.86,5.03,7.54,-124.93,-4.75,14.55,30.28,-38.06,3397,44
"May, Dustin",669160,CU,-2.48,54.05,5.04,3.53,-125.35,-1.22,15.01,29.25,-37.82,3355,43
"May, Dustin",669160,CU,-2.51,54.13,5.04,3.18,-125.13,-1.58,12.93,27.94,-36.15,3301,55
"May, Dustin",669160,FC,-2.43,53.91,5.23,7.07,-137.09,-3.63,-1.50,31.22,-23.93,2450,225
"May, Dustin",669160,FF,-2.24,53.79,5.27,10.70,-143.94,-7.64,-13.97,35.15,-12.70,2427,224
"May, Dustin",669160,SI,-2.39,54.11,5.14,10.01,-141.56,-6.31,-21.39,34.11,-20.02,2342,231
"May, Dustin",669160,FF,-2.18,53.94,5.43,8.63,-143.96,-7.57,-12.29,36.47,-11.88,2435,225
"May, Dustin",669160,FF,-2.20,54.07,5.42,5.58,-142.89,-6.36,-11.41,35.78,-13.18,2439,228
"May, Dustin",669160,FC,-2.47,54.07,5.29,4.37,-135.67,0.26,0.26,31.80,-24.46,2383,221
"May, Dustin",669160,FF,-2.07,53.97,5.60,10.32,-141.83,-6.52,-12.47,34.74,-11.88,2413,223
"May, Dustin",669160,CH,-2.56,54.21,5.07,6.73,-127.52,-2.98,-18.65,28.73,-31.67,2005,261
"May, Dustin",669160,FF,-2.14,53.92,5.54,8.61,-141.18,-4.74,-11.09,34.34,-13.00,2421,222
"May, Dustin",669160,SI,-2.50,54.15,5.06,8.27,-140.78,-3.42,-23.19,35.46,-20.96,2295,240
"May, Dustin",669160,SI,-2.44,54.16,5.19,10.26,-140.47,-4.95,-23.97,34.57,-20.15,2369,235
"May, Dustin",669160,FF,-2.33,53.92,5.40,8.84,-144.29,-8.18,-18.74,34.02,-12.43,2520,228
"May, Dustin",669160,SI,-2.51,54.12,5.07,7.66,-141.22,-4.53,-21.93,32.47,-20.31,2273,237
"May, Dustin",669160,SI,-2.45,54.17,5.09,9.78,-141.23,-7.00,-23.12,33.07,-20.96,2361,236
"May, Dustin",669160,SI,-2.40,54.10,5.08,9.00,-141.15,-6.85,-22.16,33.34,-21.45,2337,235
"May, Dustin",669160,SI,-2.47,54.29,5.14,7.55,-141.38,-4.27,-23.98,33.45,-21.05,2288,242
"May, Dustin",669160,SI,-2.48,54.29,5.23,5.37,-142.15,-3.53,-22.33,33.76,-20.09,2316,232
"May, Dustin",669160,FC,-2.60,53.96,5.35,5.65,-133.69,-2.74,-1.00,26.52,-23.41,2451,235
"May, Dustin",669160,CU,-2.24,54.19,5.05,2.19,-124.36,0.16,13.30,25.09,-33.50,3206,48
"May, Dustin",669160,CU,-2.39,54.10,4.98,5.20,-124.17,-4.41,13.40,24.63,-34.95,3178,41
"May, Dustin",669160,SI,-2.21,54.06,5.09,5.68,-141.88,-3.94,-22.19,32.44,-22.49,2328,231
"May, Dustin",669160,SI,-2.12,54.09,5.08,8.39,-140.82,-3.74,-21.08,32.31,-19.14,2278,233
"May, Dustin",669160,FC,-2.05,53.90,5.23,5.58,-134.80,-3.40,-2.04,27.31,-27.73,2383,206
"May, Dustin",669160,CH,-2.26,54.11,5.04,6.56,-127.98,-2.41,-16.02,27.23,-30.29,1903,262
"May, Dustin",669160,FF,-1.95,53.95,5.57,8.02,-141.75,-4.11,-13.74,29.94,-13.44,2457,221
"May, Dustin",669160,FC,-2.19,54.13,5.30,4.48,-134.29,-4.54,-1.85,24.78,-25.40,2401,226
"May, Dustin",669160,CU,-2.38,54.08,5.09,3.24,-123.67,-1.69,15.34,28.98,-34.85,3314,47
"May, Dustin",669160,SI,-2.17,54.11,5.16,9.75,-141.66,-4.99,-23.59,33.02,-20.90,2278,233
"May, Dustin",669160,CU,-2.32,54.18,5.14,5.64,-124.45,-1.05,14.35,28.77,-35.34,3320,46
"May, Dustin",669160,SI,-2.14,54.22,5.17,8.08,-140.15,-5.03,-21.67,31.72,-23.66,2341,233
"May, Dustin",669160,SI,-2.32,54.06,5.09,8.76,-140.66,-6.69,-22.56,32.01,-23.50,2304,236
"May, Dustin",669160,SI,-2.14,54.00,5.23,10.76,-140.44,-5.95,-23.64,32.51,-22.28,2413,232
"May, Dustin",669160,CU,-2.33,54.11,5.08,5.80,-123.69,-3.00,14.66,28.87,-34.16,3254,46
"May, Dustin",669160,CU,-2.26,54.08,5.17,8.70,-125.55,-4.10,10.02,28.03,-34.68,3195,41
"May, Dustin",669160,FF,-1.80,54.10,5.67,7.59,-142.74,-4.91,-14.91,32.84,-13.54,2400,218
"May, Dustin",669160,SI,-2.27,54.16,5.12,7.35,-138.97,-3.75,-20.60,30.37,-22.63,2318,236
"May, Dustin",669160,FF,-1.94,54.02,5.56,11.79,-140.37,-4.74,-15.22,30.05,-13.09,2385,222
"May, Dustin",669160,SI,-2.23,54.19,5.23,8.28,-139.86,-2.53,-21.32,29.13,-22.60,2301,232
"May, Dustin",669160,CH,-2.32,54.16,5.03,6.88,-126.10,-1.02,-14.48,24.08,-31.77,1858,260
"May, Dustin",669160,FF,-2.01,54.09,5.65,7.48,-139.40,-4.32,-12.79,29.16,-13.44,2395,221
"May, Dustin",669160,SI,-2.28,54.22,5.35,8.15,-137.35,-5.41,-18.63,28.65,-21.74,2251,231
"May, Dustin",669160,CU,-2.34,54.18,5.15,4.65,-125.00,-1.07,15.45,26.28,-37.96,3297,45
"May, Dustin",669160,CU,-2.30,54.14,5.14,7.80,-127.16,-5.27,10.50,26.30,-32.74,3070,52
"May, Dustin",669160,FF,-1.95,54.00,5.58,7.21,-144.10,-3.73,-12.06,31.12,-14.41,2421,222
"May, Dustin",669160,FC,-2.23,54.02,5.31,7.05,-136.04,-4.89,1.81,25.27,-24.93,2519,220
"May, Dustin",669160,SI,-2.25,54.10,5.14,7.32,-142.03,-3.78,-19.00,33.15,-18.75,2398,233
"May, Dustin",669160,CU,-2.23,53.99,5.03,9.80,-124.96,-3.63,12.68,27.81,-34.98,3275,48
"May, Dustin",669160,SI,-2.16,54.19,5.27,8.17,-141.69,-3.12,-19.41,30.83,-23.03,2435,227
"May, Dustin",669160,FF,-1.93,53.91,5.60,7.84,-143.06,-4.98,-9.83,31.34,-11.85,2446,219
"May, Dustin",669160,CU,-2.34,54.28,5.22,2.84,-124.43,-2.09,13.18,26.49,-37.21,3361,43
"May, Dustin",669160,CU,-2.32,54.27,5.24,5.99,-124.77,-2.58,11.96,26.36,-36.50,3308,47
"May, Dustin",669160,FF,-2.17,54.10,5.49,5.83,-140.68,-4.74,-11.62,31.47,-14.66,2336,228
"May, Dustin",669160,SI,-2.23,54.18,5.19,5.62,-143.58,-4.44,-18.26,30.91,-20.26,2324,227
"May, Dustin",669160,SI,-2.20,54.14,5.22,7.18,-142.13,-3.19,-18.15,30.61,-19.62,2351,226
"May, Dustin",669160,FF,-2.05,53.85,5.45,7.52,-144.20,-5.94,-13.62,32.64,-15.44,2371,220
"May, Dustin",669160,CU,-2.39,54.29,5.13,-0.55,-123.97,-0.91,15.34,28.06,-37.33,3229,45
"May, Dustin",669160,CU,-2.32,54.01,5.17,4.97,-123.53,0.11,14.15,28.46,-37.93,3233,44
"May, Dustin",669160,SI,-2.38,54.26,5.21,7.23,-142.12,-3.40,-18.75,31.63,-22.76,2441,235
"May, Dustin",669160,FF,-1.97,54.01,5.58,6.93,-142.71,-1.16,-10.42,30.67,-14.93,2436,217
"May, Dustin",669160,CU,-2.54,54.14,5.08,3.61,-124.74,-2.44,12.30,25.34,-37.91,3301,37
"May, Dustin",669160,FF,-1.89,53.99,5.74,10.54,-142.93,-8.05,-14.47,30.28,-12.14,2515,220
"May, Dustin",669160,FF,-2.07,53.99,5.63,7.64,-142.70,-5.04,-14.92,30.65,-13.86,2482,219
"May, Dustin",669160,FC,-2.28,54.16,5.43,6.07,-133.28,-2.78,-1.88,23.67,-24.06,2441,242
"May, Dustin",669160,CU,-2.46,54.37,5.11,4.55,-125.08,-3.70,12.49,28.23,-36.14,3406,41
"May, Dustin",669160,CU,-2.32,54.29,5.21,5.36,-125.07,-2.74,11.66,27.63,-35.05,3331,51
"May, Dustin",669160,SI,-2.42,54.14,5.14,9.44,-142.18,-5.76,-21.49,31.39,-20.03,2292,237
"May, Dustin",669160,SI,-2.34,54.05,5.06,11.20,-140.57,-3.35,-21.33,32.47,-23.24,2228,236
"May, Dustin",669160,FF,-2.29,54.19,5.52,6.47,-142.57,-1.50,-11.87,33.42,-15.55,2352,226
"May, Dustin",669160,SI,-2.44,54.17,5.12,6.41,-141.24,-6.68,-19.37,33.86,-19.88,2352,236
"May, Dustin",669160,SI,-2.46,54.15,5.12,6.41,-141.93,-2.83,-17.75,34.32,-18.78,2312,240
"May, Dustin",669160,SI,-2.43,54.23,5.21,9.43,-140.95,-7.88,-17.11,31.51,-20.27,2301,237
"May, Dustin",669160,SI,-2.39,54.22,5.18,6.12,-143.00,-3.89,-18.45,32.69,-21.53,2320,231
"May, Dustin",669160,FC,-2.35,54.20,5.37,3.11,-133.16,0.61,4.36,26.68,-29.05,2427,193
"May, Dustin",669160,FC,-2.51,54.32,5.37,2.02,-133.23,0.75,3.47,26.22,-30.06,2489,192
"May, Dustin",669160,FF,-2.22,54.11,5.56,6.57,-144.15,-2.75,-11.14,30.80,-13.90,2342,221
"May, Dustin",669160,SI,-2.42,54.30,5.21,8.45,-143.56,-4.91,-18.84,30.74,-20.46,2382,241
"May, Dustin",669160,CU,-2.57,54.36,5.19,2.19,-124.84,-1.64,14.76,25.44,-37.54,3395,45
"May, Dustin",669160,FF,-2.11,54.11,5.58,7.81,-144.32,-4.73,-9.97,31.00,-14.12,2304,221
"May, Dustin",669160,SI,-2.37,54.07,5.10,7.50,-142.35,-4.80,-19.56,30.50,-21.22,2328,234
"May, Dustin",669160,CU,-2.59,54.23,5.09,2.79,-123.89,-3.24,15.55,25.80,-38.32,3479,32
"May, Dustin",669160,SI,-2.47,54.24,5.09,8.64,-143.18,-6.91,-22.70,32.70,-22.37,2448,240
"May, Dustin",669160,CU,-2.42,54.29,5.20,3.09,-126.18,-0.88,13.39,26.61,-37.04,3457,39
"May, Dustin",669160,CU,-2.54,54.26,5.14,-0.26,-123.42,0.95,13.28,23.25,-37.34,3422,51
"May, Dustin",669160,SI,-2.36,54.24,5.13,8.17,-143.54,-6.11,-23.51,32.49,-20.77,2471,241
"May, Dustin",669160,SI,-2.42,54.37,5.08,6.86,-141.97,-4.92,-19.60,30.86,-20.05,2368,239
"May, Dustin",669160,SI,-2.44,54.03,5.17,7.66,-143.07,-3.59,-19.90,30.62,-21.70,2428,236
"May, Dustin",669160,FC,-2.34,54.23,5.40,4.94,-133.92,-3.52,2.34,25.59,-28.73,2607,187
"May, Dustin",669160,FC,-2.47,54.21,5.36,4.70,-135.54,-3.09,1.62,26.52,-26.86,2623,224
"May, Dustin",669160,SI,-2.50,54.04,5.20,7.35,-142.80,-3.12,-22.39,31.94,-25.13,2282,241